RG Sharma;batter;right;spin;India;41;438;28;837;488;30;0;0;0;0;0;0;
S Dhawan;batter;left;spin;India;80;458;0;837;402;0;0;0;0;0;0;0;
V Kohli;batter;right;pace;India;36;776;29;362;799;155;0;0;0;0;0;0;
SS Iyer;batter;right;spin;India;13;506;36;89;759;109;0;6;10;0;12;5;
KM Jadhav;allrounder;right;spin;India;0;34;24;0;62;112;0;26;0;0;73;0;
RR Pant;batter;left;;India;0;248;13;68;369;66;0;0;0;0;0;0;
RA Jadeja;allrounder;left;spin;India;0;135;42;4;254;195;0;748;30;0;388;7;
B Kumar;bowler;right;pace;India;0;13;8;0;7;24;182;138;142;243;82;55;
Kuldeep Yadav;bowler;left;spin;India;0;20;7;0;22;63;6;1137;50;6;818;60;
Mohammed Shami;bowler;right;pace;India;0;7;12;0;22;48;373;251;154;258;188;96;
KK Ahmed;bowler;right;pace;India;0;0;0;0;0;0;0;21;18;30;35;0;
YS Chahal;bowler;right;spin;India;0;9;9;0;12;45;24;822;178;18;486;70;
KL Rahul;batter;right;;India;49;583;38;366;736;136;0;0;0;0;0;0;
MS Dhoni;batter;right;pace;India;0;82;37;0;70;131;0;0;0;0;0;0;
HH Pandya;allrounder;right;pace;India;0;203;33;3;425;224;107;468;92;114;290;55;
JJ Bumrah;bowler;right;pace;India;0;2;13;0;4;35;341;233;232;219;169;144;
V Shankar;allrounder;right;pace;India;0;35;0;0;27;16;10;10;3;5;3;3;
KD Karthik;batter;right;spin;India;0;0;3;25;0;6;0;0;0;0;0;0;
SN Thakur;bowler;right;pace;India;0;39;51;0;65;134;174;602;136;127;385;72;
MK Pandey;batter;right;pace;India;3;63;12;12;47;12;0;0;0;0;0;0;
Navdeep Saini;bowler;right;pace;India;0;14;28;0;41;58;74;137;68;55;71;30;
PP Shaw;batter;right;spin;India;12;13;0;139;10;0;0;0;0;0;0;0;
MA Agarwal;batter;right;spin;India;0;0;0;91;0;0;0;6;0;0;0;0;
S Dube;allrounder;left;pace;India;0;0;0;0;0;7;2;10;6;4;14;11;
DL Chahar;bowler;right;pace;India;0;51;35;0;33;85;175;93;58;116;57;7;
KH Pandya;allrounder;left;spin;India;0;20;5;0;43;63;6;118;8;0;98;4;
M Prasidh Krishna;bowler;right;pace;India;0;0;0;0;4;9;110;243;72;49;188;31;
T Natarajan;bowler;left;pace;India;0;0;0;0;0;0;32;18;18;18;27;19;
Shubman Gill;batter;right;spin;India;35;362;23;563;353;54;0;0;0;0;0;0;
Ishan Kishan;batter;left;;India;29;267;0;203;161;5;0;0;0;0;0;0;
SA Yadav;batter;right;pace;India;0;195;10;35;246;28;0;0;0;0;0;0;
SV Samson;batter;right;;India;6;148;32;13;124;65;0;0;0;0;0;0;
N Rana;batter;left;spin;India;0;6;0;0;8;0;0;13;0;0;5;0;
K Gowtham;allrounder;right;spin;India;0;2;0;0;1;0;9;16;0;10;15;0;
RD Chahar;bowler;right;spin;India;0;14;3;0;1;8;8;33;5;4;10;2;
C Sakariya;bowler;left;pace;India;0;0;0;0;0;1;4;26;0;8;13;0;
VR Iyer;allrounder;left;pace;India;0;8;8;0;21;4;0;30;0;0;0;0;
R Ashwin;allrounder;right;spin;India;0;0;16;0;13;9;12;66;24;12;8;0;
J Yadav;bowler;right;spin;India;0;0;0;0;1;5;0;16;0;0;46;0;
DJ Hooda;allrounder;right;spin;India;0;33;20;0;101;40;11;88;0;1;54;0;
Washington Sundar;allrounder;left;spin;India;5;53;43;14;91;70;14;220;6;41;165;18;
Mohammed Siraj;bowler;right;pace;India;0;11;8;0;6;40;425;202;90;207;108;68;
AR Patel;allrounder;left;spin;India;0;67;20;0;70;67;30;283;62;18;121;7;
Avesh Khan;bowler;right;pace;India;0;0;0;0;0;19;68;64;29;30;11;19;
Shahbaz Ahmed;allrounder;left;spin;India;0;3;0;0;1;0;24;111;0;0;21;0;
KR Sen;bowler;right;pace;India;0;0;3;0;1;0;0;20;6;0;6;1;
Umran Malik;bowler;right;pace;India;0;0;0;0;2;9;20;194;25;19;109;14;
Arshdeep Singh;bowler;left;pace;India;0;0;2;0;0;7;24;9;2;20;22;5;
RD Gaikwad;batter;right;spin;India;0;18;0;13;25;0;0;0;0;0;0;0;
Ravi Bishnoi;bowler;right;spin;India;0;0;0;0;0;2;0;18;4;0;29;2;
Mukesh Kumar;bowler;right;pace;India;0;1;3;0;3;0;47;8;0;37;6;0;
JD Unadkat;bowler;right;pace;India;0;0;0;0;0;0;0;7;0;0;23;0;
WIA Fernando;batter;right;pace;Sri Lanka;67;218;2;396;230;40;0;0;0;0;0;0;
FDM Karunaratne;batter;left;pace;Sri Lanka;116;314;0;516;281;0;0;4;0;0;2;0;
MDKJ Perera;batter;left;;Sri Lanka;70;244;0;228;295;0;0;0;0;0;0;0;
BKG Mendis;batter;right;spin;Sri Lanka;56;627;54;275;508;20;0;0;0;0;0;0;
AD Mathews;allrounder;right;pace;Sri Lanka;0;196;36;29;241;104;0;60;25;0;30;6;
HDRL Thirimanne;batter;left;pace;Sri Lanka;12;98;4;21;79;40;0;0;0;0;0;0;
NLTC Perera;allrounder;left;pace;Sri Lanka;0;30;18;0;40;92;103;229;10;17;99;14;
DM de Silva;allrounder;right;spin;Sri Lanka;22;538;34;93;352;188;19;755;25;97;312;30;
SL Malinga;bowler;right;pace;Sri Lanka;0;4;5;0;6;20;149;135;41;82;24;27;
N Pradeep;bowler;right;pace;Sri Lanka;0;0;5;0;0;16;218;172;90;100;121;64;
CBRLS Kumara;bowler;left;pace;Sri Lanka;0;22;11;0;16;29;298;259;68;37;96;21;
A Dananjaya;allrounder;left;spin;Sri Lanka;0;0;6;0;0;1;24;168;41;6;44;1;
I Udana;allrounder;right;pace;Sri Lanka;0;24;17;0;34;77;60;284;129;74;113;59;
MD Shanaka;allrounder;right;pace;Sri Lanka;0;417;87;20;309;125;69;411;19;16;124;13;
GSNFG Jayasuriya;allrounder;left;spin;Sri Lanka;0;65;8;4;39;7;17;29;12;37;31;12;
PWH de Silva;allrounder;right;spin;Sri Lanka;0;153;69;27;226;231;101;1201;191;13;461;62;
CAK Rajitha;bowler;right;pace;Sri Lanka;0;16;21;0;70;11;390;182;151;63;65;42;
BMAJ Mendis;allrounder;left;spin;Sri Lanka;0;17;0;0;35;0;0;58;0;0;12;0;
RAS Lakmal;bowler;right;pace;Sri Lanka;0;1;2;0;19;12;40;50;13;35;11;8;
TAM Siriwardana;allrounder;left;spin;Sri Lanka;0;0;0;0;5;0;0;12;0;0;0;0;
JDF Vandersay;bowler;right;spin;Sri Lanka;0;16;3;0;12;15;5;206;25;1;160;18;
MD Gunathilaka;allrounder;left;spin;Sri Lanka;60;146;8;230;110;5;2;38;0;4;64;0;
S Samarawickrama;batter;right;;Sri Lanka;0;117;13;52;92;17;0;0;0;0;0;0;
BOP Fernando;batter;right;spin;Sri Lanka;7;1;0;16;19;0;0;0;0;0;0;0;
AK Perera;allrounder;right;spin;Sri Lanka;0;14;0;0;11;0;0;0;0;0;0;0;
M Bhanuka;batter;left;;Sri Lanka;18;48;5;100;28;0;0;0;0;0;0;0;
PADLR Sandakan;bowler;right;spin;Sri Lanka;0;3;0;0;4;49;1;320;34;11;232;9;
P Nissanka;batter;right;;Sri Lanka;111;457;11;631;311;14;0;0;0;0;0;0;
LD Chandimal;batter;right;spin;Sri Lanka;16;183;11;31;84;17;0;0;0;0;0;0;
KNA Bandara;batter;right;spin;Sri Lanka;0;130;29;0;38;20;0;0;3;0;0;3;
PHKD Mendis;allrounder;left;spin;Sri Lanka;10;99;0;28;42;0;0;22;0;6;40;0;
PVD Chameera;bowler;right;pace;Sri Lanka;0;47;51;0;31;77;336;199;122;144;121;54;
AM Fernando;bowler;right;pace;Sri Lanka;0;4;1;0;0;1;43;81;24;5;16;2;
PBB Rajapaksa;batter;left;pace;Sri Lanka;17;43;0;5;22;0;0;0;0;0;0;0;
KIC Asalanka;allrounder;left;spin;Sri Lanka;3;585;86;93;340;111;0;18;0;0;68;0;
C Karunaratne;allrounder;right;pace;Sri Lanka;0;159;58;4;216;124;112;338;93;14;159;41;
RTM Mendis;allrounder;right;spin;Sri Lanka;0;11;6;0;9;24;0;53;0;0;24;0;
P Jayawickrama;bowler;right;spin;Sri Lanka;0;0;1;0;0;11;48;149;0;0;4;0;
M Theekshana;bowler;right;spin;Sri Lanka;0;19;47;0;25;91;256;430;47;86;285;20;
N Dickwella;batter;left;;Sri Lanka;9;0;4;21;2;3;0;0;0;0;0;0;
B Fernando;bowler;right;pace;Sri Lanka;0;6;0;0;15;16;53;66;15;11;14;0;
D Lakshan;allrounder;left;pace;Sri Lanka;0;5;0;0;8;0;13;42;7;0;6;0;
C Gunasekara;bowler;right;pace;Sri Lanka;0;0;0;0;0;0;7;0;0;0;0;0;
DN Wellalage;bowler;left;spin;Sri Lanka;0;56;14;0;57;21;41;170;36;1;44;18;
PM Liyanagamage;bowler;right;pace;Sri Lanka;0;42;3;0;6;1;0;15;0;0;3;0;
D Madushanka;bowler;right;pace;Sri Lanka;0;0;4;0;2;1;126;86;19;25;11;13;
MNK Fernando;batter;right;spin;Sri Lanka;0;16;0;73;18;0;0;12;0;0;0;0;
MADI Hemantha;allrounder;right;spin;Sri Lanka;0;0;14;0;0;9;0;91;3;0;19;3;
M Pathirana;bowler;right;pace;Sri Lanka;0;0;1;0;0;12;12;107;16;0;30;7;
SSD Arachchige;batter;left;spin;Sri Lanka;0;55;0;0;16;0;0;14;0;0;16;0;
TS Kamunhukamwe;batter;right;spin;Zimbabwe;0;19;0;56;18;0;0;0;0;0;0;0;
CJ Chibhabha;batter;right;pace;Zimbabwe;0;20;0;100;10;0;0;6;0;0;7;0;
RW Chakabva;batter;right;spin;Zimbabwe;25;317;8;173;202;14;0;0;0;0;0;0;
BRM Taylor;batter;right;spin;Zimbabwe;16;87;2;161;195;18;0;0;0;0;0;0;
W Madhevere;allrounder;right;spin;Zimbabwe;20;344;33;201;318;26;17;364;39;9;349;41;
Sikandar Raza;allrounder;right;spin;Zimbabwe;9;614;90;52;535;216;10;813;186;8;471;111;
R Mutumbami;batter;right;spin;Zimbabwe;0;17;3;0;13;0;0;0;0;0;0;0;
CT Mutombodzi;allrounder;right;spin;Zimbabwe;0;39;5;0;16;19;0;33;12;0;16;0;
DT Tiripano;bowler;right;pace;Zimbabwe;0;32;11;0;9;30;0;155;37;12;83;21;
CT Mumba;allrounder;right;pace;Zimbabwe;0;23;6;0;10;10;46;25;27;70;26;25;
CB Mpofu;bowler;right;pace;Zimbabwe;0;8;0;0;1;0;15;12;9;15;0;10;
SC Williams;batter;left;spin;Zimbabwe;25;567;29;107;412;83;0;438;63;0;205;15;
CK Tshuma;bowler;right;pace;Zimbabwe;0;0;0;0;0;1;22;10;12;14;2;7;
BB Chari;batter;right;spin;Zimbabwe;0;0;0;55;14;0;0;0;0;0;0;0;
CR Ervine;batter;left;spin;Zimbabwe;45;244;23;353;267;8;0;0;0;0;0;0;
TS Chisoro;bowler;left;spin;Zimbabwe;0;5;0;0;5;6;0;101;8;0;19;5;
R Ngarava;bowler;left;pace;Zimbabwe;0;64;12;0;45;51;391;327;219;272;155;106;
B Muzarabani;bowler;right;pace;Zimbabwe;0;28;26;0;10;71;408;267;201;216;155;65;
T Marumani;batter;left;spin;Zimbabwe;23;26;0;160;43;7;0;0;0;0;0;0;
D Myers;batter;right;pace;Zimbabwe;4;70;0;26;61;0;0;9;0;0;3;0;
RP Burl;batter;left;spin;Zimbabwe;0;334;48;7;207;97;0;383;12;0;111;2;
LM Jongwe;allrounder;right;pace;Zimbabwe;0;49;13;0;57;64;24;253;64;15;150;42;
TL Chatara;bowler;right;pace;Zimbabwe;0;40;17;0;7;41;283;242;122;81;73;51;
T Maruma;batter;right;spin;Zimbabwe;0;0;0;0;0;0;0;0;0;0;0;0;
WP Masakadza;bowler;left;spin;Zimbabwe;0;84;11;0;15;35;10;420;48;16;126;2;
M Shumba;batter;left;spin;Zimbabwe;8;26;7;4;14;0;0;24;6;0;11;0;
T Kaitano;batter;right;spin;Zimbabwe;24;12;0;143;14;0;0;0;0;0;0;0;
I Kaia;batter;right;spin;Zimbabwe;36;143;4;373;140;0;0;15;0;0;13;0;
TL Chivanga;bowler;right;pace;Zimbabwe;0;4;5;0;0;7;25;102;5;36;59;4;
TK Musakanda;batter;right;pace;Zimbabwe;0;0;0;5;0;0;0;0;0;0;0;0;
VM Nyauchi;bowler;right;pace;Zimbabwe;0;7;2;0;29;15;124;95;59;129;12;9;
T Munyonga;allrounder;right;spin;Zimbabwe;2;58;4;19;42;12;0;2;0;0;4;0;
B Evans;allrounder;right;pace;Zimbabwe;0;72;6;0;32;44;83;248;69;60;72;10;
C Madande;batter;right;;Zimbabwe;2;78;24;9;77;47;0;0;0;0;0;0;
GS Ballance;batter;left;spin;Zimbabwe;0;89;5;9;82;12;0;0;0;0;0;0;
B Mavuta;allrounder;right;spin;Zimbabwe;0;0;0;0;0;0;0;14;0;0;16;0;
J Gumbie;batter;right;;Zimbabwe;20;75;0;142;48;0;0;0;0;0;0;0;
CH Gayle;allrounder;left;spin;West Indies;28;22;0;251;78;0;0;59;0;0;36;0;
E Lewis;batter;left;;West Indies;96;372;3;360;179;12;0;0;0;0;0;0;
SD Hope;batter;right;;West Indies;169;1270;99;1065;819;131;0;0;0;0;0;0;
SO Hetmyer;batter;left;;West Indies;23;269;0;75;229;0;0;0;0;0;0;0;
N Pooran;batter;left;spin;West Indies;11;987;131;101;636;177;0;91;15;14;57;1;
RL Chase;allrounder;right;spin;West Indies;6;362;23;2;159;42;19;726;103;24;320;20;
JO Holder;allrounder;right;pace;West Indies;0;332;71;5;244;159;496;624;242;322;233;86;
FA Allen;allrounder;right;spin;West Indies;0;43;0;0;61;41;0;335;50;0;79;4;
CR Brathwaite;allrounder;right;pace;West Indies;0;23;14;0;59;68;8;169;88;4;60;31;
KAJ Roach;bowler;right;pace;West Indies;0;30;0;0;29;15;165;126;31;80;15;0;
SS Cottrell;bowler;right;pace;West Indies;0;11;20;0;17;51;370;247;188;127;140;111;
O Thomas;bowler;left;pace;West Indies;0;9;1;0;3;39;85;184;70;46;57;13;
KMA Paul;allrounder;right;pace;West Indies;0;73;22;0;34;53;133;275;120;64;153;44;
DM Bravo;batter;left;pace;West Indies;21;149;29;87;97;39;0;0;0;0;0;0;
AD Russell;allrounder;right;pace;West Indies;0;21;0;0;9;0;23;55;0;27;16;0;
AR Nurse;bowler;right;spin;West Indies;0;6;0;0;2;18;0;47;23;0;7;9;
ST Gabriel;bowler;right;pace;West Indies;0;0;0;0;0;10;15;57;3;13;46;0;
SW Ambris;batter;right;;West Indies;6;17;0;132;44;0;0;0;0;0;0;0;
KA Pollard;allrounder;right;pace;West Indies;0;152;29;20;142;69;0;141;14;0;76;8;
R Shepherd;allrounder;right;pace;West Indies;0;121;24;0;73;95;125;353;149;134;168;51;
HR Walsh;bowler;left;spin;West Indies;0;42;10;0;96;36;0;501;153;6;284;59;
AS Joseph;bowler;right;pace;West Indies;0;168;72;6;114;75;327;970;342;398;429;144;
BA King;batter;right;;West Indies;67;388;31;382;301;37;0;0;0;0;0;0;
K Pierre;allrounder;left;spin;West Indies;0;27;2;0;18;0;18;103;18;0;12;8;
JN Mohammed;batter;right;spin;West Indies;7;70;7;42;14;9;6;93;34;12;148;3;
AJ Hosein;bowler;left;spin;West Indies;0;121;33;0;124;97;109;1086;155;106;642;34;
A Phillip;bowler;right;pace;West Indies;0;2;0;0;1;22;12;66;36;62;19;6;
J Da Silva;batter;right;;West Indies;2;5;0;25;3;0;0;0;0;0;0;0;
AM McCarthy;batter;right;spin;West Indies;0;11;0;27;3;0;0;6;0;0;6;0;
KR Mayers;allrounder;left;pace;West Indies;70;240;0;338;153;1;170;250;34;150;98;7;
NE Bonner;batter;right;spin;West Indies;0;60;0;36;26;18;0;54;0;0;13;0;
R Powell;batter;right;pace;West Indies;0;167;15;0;129;49;0;17;0;0;18;0;
RA Reifer;allrounder;left;pace;West Indies;0;45;3;0;31;12;13;24;21;0;48;3;
CK Holder;bowler;right;pace;West Indies;0;0;0;0;3;0;4;0;0;16;0;0;
KY Ottley;batter;left;spin;West Indies;4;4;0;36;9;0;0;0;0;0;0;0;
JN Hamilton;batter;right;;West Indies;0;4;0;0;12;0;0;0;0;0;0;0;
KJ Harding;bowler;right;pace;West Indies;0;0;0;0;0;1;0;10;19;32;5;3;
JP Greaves;allrounder;right;pace;West Indies;0;1;0;75;15;0;0;0;0;0;0;0;
SSJ Brooks;batter;right;spin;West Indies;40;486;7;224;364;29;0;0;0;0;0;0;
OF Smith;allrounder;right;pace;West Indies;0;13;15;0;14;86;26;161;24;18;76;9;
JNT Seales;bowler;left;pace;West Indies;0;15;0;0;3;23;104;122;71;110;27;19;
G Motie;bowler;left;spin;West Indies;0;30;3;0;25;6;3;244;3;16;116;2;
KU Carty;batter;right;pace;West Indies;12;334;14;57;123;32;0;15;0;0;12;0;
J Blackwood;batter;right;spin;West Indies;0;0;0;0;18;0;0;0;0;0;0;0;
K Sinclair;bowler;right;spin;West Indies;0;30;5;0;6;24;8;199;33;10;113;25;
Y Cariah;bowler;left;spin;West Indies;0;89;5;3;43;17;0;297;15;0;132;15;
SH Lewis;bowler;right;pace;West Indies;0;0;0;0;0;0;8;20;18;16;0;0;
J Charles;batter;right;;West Indies;36;58;0;136;49;3;0;0;0;0;0;0;
A Athanaze;allrounder;left;spin;West Indies;7;23;0;73;25;0;0;0;0;0;7;0;
DC Drakes;allrounder;left;pace;West Indies;0;5;0;0;0;13;56;31;8;16;9;5;
KAR Hodge;allrounder;right;spin;West Indies;0;18;0;0;11;1;24;42;18;0;0;13;
Akeem Jordan;bowler;right;pace;West Indies;0;0;0;0;0;6;50;0;15;0;0;5;
PR Stirling;allrounder;right;spin;Ireland;104;496;20;734;434;42;1;38;0;0;11;0;
GJ Delany;allrounder;right;spin;Ireland;3;32;32;88;28;71;0;231;31;0;121;11;
A Balbirnie;batter;right;spin;Ireland;41;552;25;338;504;25;0;0;0;0;0;0;
WTS Porterfield;batter;left;spin;Ireland;15;174;0;175;127;0;0;0;0;0;0;0;
KJ O'Brien;allrounder;right;pace;Ireland;7;64;1;37;35;16;0;42;0;0;31;0;
L Tucker;batter;right;;Ireland;2;363;69;32;236;84;0;0;0;0;0;0;
Simi Singh;allrounder;right;spin;Ireland;0;189;74;0;109;130;43;462;80;5;335;30;
MR Adair;allrounder;right;pace;Ireland;0;49;26;0;45;95;485;262;234;230;146;74;
AR McBrine;allrounder;left;spin;Ireland;22;195;45;303;175;106;79;905;107;60;640;51;
BJ McCarthy;bowler;right;pace;Ireland;0;15;23;0;4;58;269;127;103;101;102;38;
WB Rankin;bowler;left;pace;Ireland;0;4;9;0;0;29;5;49;0;2;43;7;
JA McCollum;batter;right;pace;Ireland;7;0;0;33;0;0;0;0;0;0;0;0;
CA Young;bowler;right;pace;Ireland;0;0;17;0;0;70;407;348;175;104;162;49;
HT Tector;batter;right;spin;Ireland;23;740;73;212;619;178;0;82;0;0;104;0;
C Campher;allrounder;right;pace;Ireland;4;456;29;23;336;96;30;557;77;14;249;33;
J Little;bowler;right;pace;Ireland;0;14;4;0;0;29;306;507;207;77;208;86;
GH Dockrell;allrounder;right;spin;Ireland;5;240;85;36;239;156;0;343;52;0;71;22;
SC Getkate;allrounder;right;pace;Ireland;0;0;0;0;0;0;0;7;0;0;17;6;
NA Rock;batter;left;;Ireland;0;8;0;0;8;9;0;0;0;0;0;0;
GI Hume;bowler;left;pace;Ireland;0;2;2;0;22;21;127;91;48;61;76;44;
ST Doheny;batter;right;;Ireland;17;45;0;141;63;0;0;0;0;0;0;0;
MJ Humphreys;bowler;right;spin;Ireland;0;0;0;0;7;0;5;34;0;8;20;0;
M Commins;batter;left;;Ireland;0;8;0;0;5;0;0;0;0;0;0;0;
B White;bowler;right;spin;Ireland;0;0;0;0;0;0;0;75;1;0;29;5;
SR Taylor;batter;left;spin;USA;6;0;0;77;0;0;2;118;6;10;56;0;
SJ Modani;batter;right;spin;USA;7;61;0;110;58;0;0;0;0;0;0;0;
MD Patel;batter;right;;USA;0;41;0;28;23;0;0;0;0;0;0;0;
Aaron Jones;batter;right;spin;USA;11;61;0;56;60;4;0;12;0;0;0;0;
SR Mukkamalla;batter;right;spin;USA;0;14;0;42;26;0;0;0;0;0;0;0;
G Singh;batter;left;spin;USA;0;109;15;31;106;23;0;9;0;0;9;6;
Shayan Jahangir;batter;right;pace;USA;0;96;11;0;81;50;0;0;0;0;0;0;
Jasdeep Singh;bowler;right;pace;USA;0;66;9;0;37;24;20;180;51;0;29;19;
NP Kenjige;bowler;right;spin;USA;0;11;28;4;28;32;30;255;9;0;39;3;
K Phillip;bowler;right;pace;USA;0;0;0;0;0;2;52;25;16;12;5;1;
SN Netravalkar;bowler;right;pace;USA;0;0;5;0;4;26;122;69;55;22;9;0;
NK Patel;allrounder;right;spin;USA;0;43;0;0;18;10;0;167;14;0;12;0;
Ali Khan;bowler;right;pace;USA;0;0;0;0;1;8;68;14;19;9;1;1;
AA Paradkar;bowler;left;pace;USA;0;12;0;0;26;0;24;25;7;0;5;11;
Usman Rafiq;bowler;right;spin;USA;0;16;0;0;16;10;0;16;0;0;10;6;
K Bhurtel;batter;right;spin;Nepal;0;54;0;155;72;0;0;4;0;0;2;0;
Aasif Sheikh;batter;right;;Nepal;0;58;0;77;25;0;0;0;0;0;0;0;
Kushal Malla;allrounder;left;spin;Nepal;0;90;6;0;17;11;0;34;7;0;8;0;
RK Paudel;allrounder;right;spin;Nepal;0;86;6;18;94;4;0;0;0;0;12;1;
Aarif Sheikh;batter;right;pace;Nepal;0;33;0;0;64;23;6;59;0;0;43;0;
Gulsan Jha;bowler;left;pace;Nepal;0;49;9;0;60;57;36;154;33;0;64;6;
DS Airee;batter;right;pace;Nepal;0;63;5;0;76;28;10;60;33;26;68;16;
B Sharki;batter;right;spin;Nepal;0;77;1;51;96;4;0;0;0;0;0;0;
Karan KC;allrounder;right;pace;Nepal;0;0;0;0;0;36;110;63;49;25;37;2;
Sompal Kami;allrounder;right;pace;Nepal;0;0;0;0;0;2;14;0;0;12;9;0;
S Lamichhane;bowler;right;spin;Nepal;0;18;9;0;30;48;5;217;30;13;79;18;
LN Rajbanshi;bowler;right;spin;Nepal;0;0;0;0;0;2;44;59;18;16;7;0;
A Saud;batter;right;;Nepal;0;19;0;41;32;0;0;0;0;0;0;0;
G Malla;batter;right;;Nepal;0;0;0;29;7;0;0;0;0;0;0;0;
Pratis GC;allrounder;right;pace;Nepal;0;0;0;0;0;0;25;11;14;0;7;4;
K Mahato;bowler;right;pace;Nepal;0;0;0;0;0;1;19;27;14;7;0;0;
MJ Guptill;batter;right;spin;New Zealand;38;242;0;575;216;1;0;0;0;0;0;0;
C Munro;batter;left;pace;New Zealand;26;2;0;90;14;0;0;5;0;0;2;0;
KS Williamson;batter;right;spin;New Zealand;43;484;16;262;532;51;0;24;0;0;55;12;
LRPL Taylor;batter;right;spin;New Zealand;0;291;27;75;272;64;0;0;0;0;0;0;
TWM Latham;batter;left;pace;New Zealand;2;674;73;75;595;152;0;0;0;0;0;0;
JDS Neesham;allrounder;left;pace;New Zealand;0;169;48;0;162;121;3;484;118;21;263;62;
C de Grandhomme;allrounder;right;pace;New Zealand;0;71;20;0;105;111;21;337;8;17;181;5;
MJ Santner;allrounder;left;spin;New Zealand;0;123;62;0;122;179;34;972;213;14;324;66;
MJ Henry;bowler;right;pace;New Zealand;0;8;11;0;11;38;372;384;162;451;177;43;
LH Ferguson;bowler;right;pace;New Zealand;0;21;3;0;7;53;181;580;215;73;309;93;
TA Boult;bowler;right;pace;New Zealand;0;12;11;0;0;32;333;264;122;259;142;85;
HM Nicholls;batter;left;spin;New Zealand;12;254;1;417;233;40;0;0;0;0;0;0;
IS Sodhi;bowler;right;spin;New Zealand;0;33;37;0;32;60;0;422;117;0;232;10;
TG Southee;bowler;right;pace;New Zealand;0;11;20;0;7;41;246;238;81;93;78;62;
TA Blundell;batter;right;spin;New Zealand;0;58;0;88;23;0;0;0;0;0;0;0;
HK Bennett;bowler;left;pace;New Zealand;0;0;0;0;0;0;45;76;45;0;11;7;
MS Chapman;allrounder;left;spin;New Zealand;0;91;15;0;55;21;0;0;0;0;0;0;
KA Jamieson;bowler;right;pace;New Zealand;0;0;1;0;0;30;88;210;50;42;33;4;
DP Conway;batter;left;pace;New Zealand;41;327;4;285;187;22;0;0;0;0;0;0;
WA Young;batter;right;spin;New Zealand;9;235;4;230;178;6;0;0;0;0;0;0;
DJ Mitchell;allrounder;right;pace;New Zealand;3;471;29;48;318;64;0;173;4;0;57;2;
MG Bracewell;allrounder;left;spin;New Zealand;0;166;25;5;145;109;10;458;43;26;168;35;
BM Tickner;bowler;right;pace;New Zealand;0;9;5;0;0;14;56;358;104;30;80;21;
DAJ Bracewell;bowler;right;pace;New Zealand;0;34;7;0;17;2;13;39;7;26;4;0;
FH Allen;batter;right;;New Zealand;18;107;0;356;91;1;0;0;0;0;0;0;
GD Phillips;batter;right;spin;New Zealand;0;143;18;2;169;62;0;106;0;0;17;0;
JA Duffy;bowler;right;pace;New Zealand;0;2;0;0;0;0;75;28;44;15;4;7;
D Cleaver;batter;right;spin;New Zealand;0;37;0;0;0;0;0;0;0;0;0;0;
AF Milne;bowler;right;pace;New Zealand;0;0;2;0;0;17;6;110;25;61;80;8;
HB Shipley;bowler;right;pace;New Zealand;0;4;7;0;8;22;106;133;44;60;43;18;
CJ Bowes;batter;right;pace;New Zealand;6;13;0;64;16;0;0;0;0;0;0;0;
R Ravindra;allrounder;left;spin;New Zealand;0;11;9;0;21;43;0;82;33;0;39;13;
CE McConchie;allrounder;right;spin;New Zealand;0;33;15;0;12;27;0;98;0;0;29;0;
BG Lister;bowler;right;pace;New Zealand;0;0;1;0;0;2;1;19;19;25;0;0;
SJ Myburgh;batter;left;spin;Netherlands;17;36;1;127;57;7;0;0;0;0;0;0;
MP O'Dowd;batter;right;spin;Netherlands;51;344;7;590;297;3;0;38;0;0;0;0;
BN Cooper;batter;left;pace;Netherlands;0;0;3;7;2;0;0;0;0;0;0;0;
BFW de Leede;allrounder;right;pace;Netherlands;7;509;15;112;408;38;61;442;100;17;139;21;
PM Seelaar;allrounder;right;spin;Netherlands;0;152;15;0;99;27;3;461;58;10;110;15;
SA Edwards;batter;right;;Netherlands;44;534;85;44;328;132;0;0;0;0;0;0;
Saqib Zulfiqar;allrounder;right;spin;Netherlands;1;97;38;0;35;79;0;160;0;0;80;0;
LV van Beek;bowler;right;pace;Netherlands;0;99;47;0;96;150;401;375;193;106;122;53;
T van der Gugten;bowler;right;pace;Netherlands;0;19;17;0;19;9;0;155;23;0;2;20;
FJ Klaassen;bowler;right;pace;Netherlands;0;7;14;0;12;36;313;195;89;110;80;58;
BD Glover;bowler;right;pace;Netherlands;0;7;16;0;2;21;26;231;40;8;75;53;
Musa Ahmed;batter;left;spin;Netherlands;16;169;5;90;92;2;0;0;0;0;0;0;
VJ Kingma;bowler;right;pace;Netherlands;0;1;12;0;2;6;293;125;75;57;51;44;
Vikramjit Singh;batter;left;pace;Netherlands;40;285;0;554;205;0;10;125;0;2;39;6;
MJG Rippon;allrounder;right;spin;Netherlands;0;44;10;0;78;13;0;100;7;0;38;5;
PRP Boissevain;bowler;right;spin;Netherlands;0;0;43;0;7;12;0;134;12;0;79;12;
A Dutt;bowler;right;spin;Netherlands;0;71;23;0;26;41;52;454;129;75;315;49;
C Floyd;bowler;right;spin;Netherlands;0;11;0;0;2;4;48;245;18;0;62;8;
CN Ackermann;allrounder;right;spin;Netherlands;17;151;7;49;58;0;13;59;15;11;141;28;
RE van der Merwe;allrounder;right;spin;Netherlands;0;0;0;0;0;0;0;26;2;0;4;4;
BHG Gorlee;allrounder;right;spin;Netherlands;0;19;8;0;26;5;0;0;0;0;0;0;
R Klein;bowler;right;pace;Netherlands;0;20;11;0;11;25;178;198;108;49;38;14;
TLW Cooper;batter;right;spin;Netherlands;0;191;8;71;145;14;2;43;2;4;42;4;
S Snater;bowler;right;pace;Netherlands;0;0;3;0;0;10;17;26;19;7;10;2;
AT Nidamanuru;allrounder;right;spin;Netherlands;1;237;68;1;149;82;0;0;0;0;6;0;
TJG Pringle;allrounder;right;spin;Netherlands;0;0;5;0;3;6;26;120;2;4;38;10;
PA van Meekeren;bowler;right;pace;Netherlands;0;0;3;0;3;26;58;112;44;19;58;11;
W Barresi;batter;right;spin;Netherlands;16;122;4;65;80;16;0;0;0;0;0;0;
Shariz Ahmad;bowler;left;spin;Netherlands;0;50;26;0;20;16;0;236;18;0;125;10;
NRJ Croes;batter;right;;Netherlands;5;0;0;1;0;0;0;0;0;0;0;0;
Mohammad Shahzad;batter;right;;Afghanistan;0;0;0;16;0;0;0;0;0;0;0;0;
Hazratullah;batter;left;spin;Afghanistan;10;26;0;166;15;0;0;0;0;0;0;0;
Rahmat Shah;allrounder;right;spin;Afghanistan;46;644;11;517;505;20;0;83;0;0;2;0;
Hashmatullah Shahidi;batter;left;spin;Afghanistan;17;503;59;54;479;75;0;0;0;0;0;0;
Mohammad Nabi;allrounder;right;spin;Afghanistan;8;184;50;13;267;88;22;886;54;33;382;24;
Gulbadin Naib;allrounder;right;pace;Afghanistan;12;137;47;85;109;50;32;449;79;34;166;32;
Najibullah Zadran;batter;left;spin;Afghanistan;6;340;61;4;346;118;0;0;0;0;0;0;
Rashid Khan;allrounder;right;spin;Afghanistan;0;44;39;0;58;177;12;928;269;12;246;101;
Dawlat Zadran;bowler;right;pace;Afghanistan;0;0;2;0;25;8;56;53;35;58;27;18;
Mujeeb Ur Rahman;bowler;right;spin;Afghanistan;0;30;28;0;12;57;439;571;146;220;162;57;
Hamid Hassan;bowler;right;pace;Afghanistan;0;2;0;0;14;8;41;36;0;52;33;0;
Noor Ali Zadran;batter;right;pace;Afghanistan;0;1;0;74;29;0;0;0;0;0;0;0;
Ikram Alikhil;batter;left;;Afghanistan;2;130;2;56;168;18;0;0;0;0;0;0;
Aftab Alam;bowler;right;pace;Afghanistan;0;1;0;0;10;1;55;13;18;24;14;0;
Asghar Stanikzai;batter;right;pace;Afghanistan;1;192;23;11;146;53;0;0;0;0;0;0;
Samiullah Shenwari;allrounder;right;spin;Afghanistan;0;20;17;0;23;35;0;17;6;0;20;6;
Sayed Shirzad;bowler;right;pace;Afghanistan;0;0;0;0;0;17;3;13;8;3;17;4;
Javed Ahmadi;batter;right;spin;Afghanistan;11;28;0;67;0;0;0;70;1;0;8;8;
Naveen-ul-Haq;bowler;right;pace;Afghanistan;0;0;8;0;0;20;106;62;56;14;10;21;
Sharafuddin Ashraf;allrounder;right;spin;Afghanistan;0;4;8;0;0;4;12;151;4;6;24;2;
Ibrahim Zadran;batter;right;pace;Afghanistan;32;275;24;269;245;45;0;0;0;0;0;0;
Yamin Ahmadzai;bowler;right;pace;Afghanistan;0;0;0;0;0;14;80;79;49;19;14;0;
Rahmanullah Gurbaz;batter;right;;Afghanistan;46;300;2;386;181;3;0;0;0;0;0;0;
Azmatullah Omarzai;allrounder;right;pace;Afghanistan;4;61;33;12;37;20;54;263;18;8;60;14;
Fazalhaq Farooqi;bowler;right;pace;Afghanistan;0;10;6;0;5;8;299;94;85;160;50;67;
Riaz Hassan;batter;right;;Afghanistan;22;44;0;43;20;0;0;0;0;0;0;0;
Fareed Ahmad;bowler;left;pace;Afghanistan;0;4;14;0;6;3;90;153;78;40;32;21;
Usman Ghani;batter;right;;Afghanistan;0;14;0;33;12;0;0;0;0;0;0;0;
Shahidullah;allrounder;left;spin;Afghanistan;0;0;0;0;0;3;0;18;0;0;0;0;
Qais Ahmad;bowler;right;spin;Afghanistan;0;0;0;0;0;0;0;36;10;0;0;0;
Noor Ahmad;bowler;right;spin;Afghanistan;0;7;0;0;0;1;0;48;37;0;43;10;
Mohammad Saleem;bowler;right;pace;Afghanistan;0;0;0;0;0;0;10;34;0;12;13;2;
Abdul Rahman;bowler;right;pace;Afghanistan;0;12;0;0;8;0;0;14;0;0;10;0;
Zia-ur-Rehman;bowler;right;spin;Afghanistan;0;17;0;0;13;0;0;16;0;0;5;0;
Q de Kock;batter;left;;South Africa;107;400;0;642;280;0;0;0;0;0;0;0;
HM Amla;batter;right;pace;South Africa;4;84;0;117;114;0;0;0;0;0;0;0;
AK Markram;batter;right;spin;South Africa;46;354;26;241;279;39;36;295;16;36;192;14;
F du Plessis;batter;right;spin;South Africa;9;150;3;97;171;7;0;0;0;0;0;0;
HE van der Dussen;batter;right;spin;South Africa;25;655;90;84;499;164;0;0;0;0;0;6;
JP Duminy;allrounder;left;spin;South Africa;0;26;13;0;10;26;0;10;0;0;45;0;
D Pretorius;allrounder;right;pace;South Africa;0;36;9;0;19;24;35;125;23;32;44;5;
AL Phehlukwayo;allrounder;left;pace;South Africa;0;181;29;0;88;125;33;602;225;12;278;75;
K Rabada;bowler;left;pace;South Africa;0;17;13;0;19;72;335;243;187;253;164;71;
L Ngidi;bowler;right;pace;South Africa;0;26;8;0;25;18;338;323;180;230;163;104;
Imran Tahir;bowler;right;spin;South Africa;0;0;0;0;1;15;21;231;37;21;118;29;
DA Miller;batter;left;spin;South Africa;0;270;97;6;288;240;0;0;0;0;0;0;
CH Morris;allrounder;right;pace;South Africa;0;10;16;0;0;37;31;147;46;24;117;24;
T Shamsi;bowler;right;spin;South Africa;0;27;0;0;2;12;0;798;186;0;363;60;
BE Hendricks;bowler;left;pace;South Africa;0;0;6;0;0;5;78;45;12;41;14;0;
JN Malan;batter;right;spin;South Africa;91;322;35;454;224;51;0;0;0;0;0;0;
T Bavuma;batter;right;pace;South Africa;29;391;15;270;368;39;0;18;2;0;13;4;
K Verreynne;batter;right;spin;South Africa;10;213;2;42;157;19;0;0;0;0;0;0;
H Klaasen;batter;right;spin;South Africa;14;272;49;27;298;90;0;23;0;0;7;0;
KA Maharaj;bowler;right;spin;South Africa;0;31;14;0;27;72;97;609;64;35;342;21;
A Nortje;bowler;right;pace;South Africa;0;13;0;0;0;15;135;272;114;70;158;50;
JT Smuts;allrounder;right;spin;South Africa;0;113;5;40;64;11;12;97;47;0;17;7;
L Sipamla;bowler;right;pace;South Africa;0;0;0;0;0;20;44;59;43;23;16;4;
DM Dupavillon;bowler;right;pace;South Africa;0;0;0;0;0;10;0;45;0;0;22;0;
RR Hendricks;batter;right;spin;South Africa;17;94;0;140;57;0;0;0;0;0;0;0;
BC Fortuin;bowler;right;spin;South Africa;0;7;0;0;0;1;12;100;12;25;38;0;
LB Williams;bowler;left;pace;South Africa;0;0;0;0;0;0;12;32;9;1;0;0;
PWA Mulder;allrounder;right;pace;South Africa;4;3;0;0;0;4;11;0;7;23;0;0;
GF Linde;allrounder;left;spin;South Africa;0;25;0;0;0;6;9;52;0;3;27;0;
M Jansen;allrounder;right;pace;South Africa;0;58;11;0;23;36;65;143;66;112;84;24;
WD Parnell;bowler;left;pace;South Africa;0;11;17;0;29;22;84;82;35;78;33;10;
SSB Magala;bowler;right;pace;South Africa;0;0;5;0;1;11;10;154;54;17;98;4;
Zubayr Hamza;batter;right;spin;South Africa;0;30;0;18;34;0;0;0;0;0;0;0;
K Zondo;batter;right;spin;South Africa;0;3;0;0;4;0;0;0;0;0;0;0;
RD Rickelton;batter;left;;South Africa;0;8;0;13;6;0;0;0;0;0;0;0;
T de Zorzi;batter;left;spin;South Africa;0;13;0;22;15;0;0;0;0;0;0;0;
T Stubbs;batter;right;spin;South Africa;0;4;0;0;6;0;0;0;0;0;0;0;
G Coetzee;bowler;right;pace;South Africa;0;0;0;0;3;0;10;62;22;3;18;10;
JJ Roy;batter;right;;England;115;228;0;671;302;0;0;0;0;0;0;0;
JM Bairstow;batter;right;pace;England;77;304;0;555;412;1;0;0;0;0;0;0;
JE Root;batter;right;spin;England;18;289;15;194;521;41;11;73;12;7;85;13;
EJG Morgan;batter;right;pace;England;0;223;37;115;347;32;0;0;0;0;0;0;
BA Stokes;allrounder;left;pace;England;0;219;21;73;311;119;2;247;60;4;167;33;
JC Buttler;batter;right;;England;0;336;51;31;482;113;0;0;0;0;0;0;
MM Ali;allrounder;left;spin;England;0;201;42;6;288;71;33;792;2;21;347;18;
CR Woakes;allrounder;right;pace;England;0;116;21;0;126;127;380;220;125;310;112;59;
LE Plunkett;bowler;right;pace;England;0;0;0;0;0;41;0;146;18;0;171;14;
JC Archer;bowler;right;pace;England;0;0;7;0;0;43;295;222;140;197;94;107;
AU Rashid;bowler;right;spin;England;0;27;27;0;42;124;0;1314;191;0;422;73;
MA Wood;bowler;right;pace;England;0;0;1;0;6;33;38;375;166;29;269;78;
JM Vince;batter;right;pace;England;27;127;0;173;128;8;0;43;0;0;0;0;
JL Denly;batter;right;spin;England;0;69;8;0;86;25;0;22;6;0;8;0;
T Banton;batter;right;;England;9;57;0;12;67;0;0;0;0;0;0;0;
SM Curran;allrounder;left;pace;England;0;85;7;0;113;100;126;378;96;114;138;74;
TK Curran;allrounder;right;pace;England;0;11;22;0;39;89;28;296;73;21;90;51;
CJ Jordan;bowler;right;pace;England;0;16;0;0;2;5;0;34;24;0;63;13;
MW Parkinson;bowler;right;spin;England;0;0;0;0;0;8;0;109;28;0;68;6;
S Mahmood;bowler;right;pace;England;0;0;0;0;0;32;125;123;40;84;39;16;
SW Billings;batter;right;;England;8;151;8;23;261;30;0;0;0;0;0;0;
DJ Willey;allrounder;left;pace;England;0;80;32;0;108;47;287;183;122;209;57;24;
RJW Topley;bowler;right;pace;England;0;3;2;0;4;13;188;118;61;113;47;32;
DJ Malan;batter;left;spin;England;33;275;37;199;232;53;0;0;15;0;0;0;
LS Livingstone;allrounder;right;spin;England;0;72;7;22;88;23;0;125;6;0;21;0;
PD Salt;batter;right;spin;England;52;67;0;194;59;0;0;0;0;0;0;0;
Z Crawley;batter;right;spin;England;0;9;0;43;34;0;0;0;0;0;0;0;
JA Simpson;batter;left;;England;0;16;0;0;16;0;0;0;0;0;0;0;
L Gregory;allrounder;right;pace;England;0;32;3;0;59;22;17;25;4;59;11;2;
C Overton;allrounder;right;pace;England;0;2;16;0;20;41;19;100;19;19;103;12;
BA Carse;bowler;right;pace;England;0;14;12;0;45;30;0;259;32;0;116;11;
DA Payne;bowler;right;pace;England;0;0;0;0;0;0;26;6;20;5;0;0;
MJ Potts;bowler;right;pace;England;0;0;0;0;0;4;17;0;0;10;0;0;
LA Dawson;allrounder;right;spin;England;0;33;0;0;26;0;0;70;25;0;86;0;
L Wood;allrounder;left;pace;England;0;0;3;0;0;7;0;20;19;6;16;0;
OP Stone;bowler;right;pace;England;0;1;2;0;3;4;0;98;27;36;53;10;
WG Jacks;batter;right;spin;England;0;19;0;0;16;0;0;21;0;0;46;0;
Rehan Ahmed;allrounder;right;spin;England;0;5;2;0;0;0;0;20;4;0;22;14;
BM Duckett;batter;left;spin;England;0;2;0;22;19;0;0;0;0;0;0;0;
HC Brook;batter;right;pace;England;0;18;0;19;51;0;0;0;0;0;0;0;
Tamim Iqbal;batter;left;;Bangladesh;161;511;18;1068;379;26;0;0;0;0;0;0;
Soumya Sarkar;batter;left;pace;Bangladesh;27;54;0;200;67;8;0;130;36;0;77;16;
Mohammad Mithun;batter;right;spin;Bangladesh;0;78;30;57;166;60;0;0;0;0;13;0;
Mushfiqur Rahim;batter;right;;Bangladesh;15;759;92;149;803;218;0;0;0;0;0;0;
Mahmudullah;allrounder;right;spin;Bangladesh;4;698;100;13;534;241;2;134;22;4;41;11;
Sabbir Rahman;batter;right;spin;Bangladesh;0;45;6;0;74;11;0;6;10;0;0;0;
Mosaddek Hossain;batter;right;spin;Bangladesh;0;96;20;1;126;53;7;300;43;29;145;13;
Mehedi Hasan Miraz;allrounder;right;spin;Bangladesh;0;262;105;0;196;207;134;1114;116;256;653;60;
Shafiul Islam;bowler;right;pace;Bangladesh;0;5;0;0;10;5;59;38;45;42;14;11;
Rubel Hossain;bowler;right;pace;Bangladesh;0;16;0;0;16;19;51;117;28;35;103;22;
Mustafizur Rahman;bowler;left;pace;Bangladesh;0;5;8;0;26;64;432;729;310;174;287;184;
Taijul Islam;bowler;left;spin;Bangladesh;0;21;44;0;18;54;65;515;60;19;84;12;
Anamul Haque;batter;right;;Bangladesh;14;41;6;99;60;11;0;0;0;0;0;0;
Shakib Al Hasan;allrounder;left;spin;Bangladesh;71;660;20;232;749;48;184;1110;173;28;309;80;
Mohammad Saifuddin;allrounder;left;pace;Bangladesh;0;21;30;0;16;115;161;242;118;58;78;96;
Mashrafe Mortaza;bowler;right;pace;Bangladesh;0;0;7;0;0;32;147;180;25;49;62;12;
Liton Das;batter;right;spin;Bangladesh;103;523;17;677;484;38;0;0;0;0;0;0;
Nazmul Hossain Shanto;batter;left;spin;Bangladesh;55;304;0;250;211;3;0;6;21;0;6;11;
Al-Amin Hossain;bowler;right;pace;Bangladesh;0;0;0;0;0;0;0;43;20;0;0;0;
Afif Hossain;allrounder;left;spin;Bangladesh;8;294;57;1;148;141;0;72;4;0;6;0;
Mohammad Naim;batter;left;;Bangladesh;15;0;0;16;0;0;0;0;0;0;0;0;
Mahedi Hasan;allrounder;right;spin;Bangladesh;0;10;0;0;19;6;3;10;2;9;105;10;
Taskin Ahmed;bowler;left;pace;Bangladesh;0;34;32;0;58;53;341;502;64;166;223;50;
Hasan Mahmud;bowler;right;pace;Bangladesh;0;9;8;0;7;27;233;179;48;28;67;13;
Shoriful Islam;bowler;left;pace;Bangladesh;0;3;12;0;0;30;199;342;74;58;59;33;
Nurul Hasan;batter;right;;Bangladesh;0;40;16;0;25;27;0;0;0;0;0;0;
Yasir Ali Chowdhury;batter;right;spin;Bangladesh;0;40;0;15;38;22;0;1;0;0;5;0;
Ebadat Hossain;bowler;right;pace;Bangladesh;0;0;0;0;8;10;111;317;57;21;49;7;
Nasum Ahmed;bowler;left;spin;Bangladesh;0;0;0;0;0;19;53;168;16;20;40;0;
Towhid Hridoy;batter;right;spin;Bangladesh;9;165;18;4;130;24;0;0;0;0;0;0;
Rony Talukdar;batter;right;pace;Bangladesh;0;0;0;15;0;0;0;0;0;0;0;0;
Mrittunjoy Chowdhury;bowler;left;pace;Bangladesh;0;0;2;0;0;9;6;39;4;0;0;2;
AJ Finch;batter;right;spin;Australia;82;455;0;660;400;8;0;37;0;0;0;0;
DA Warner;batter;left;spin;Australia;87;589;3;709;480;10;0;0;0;0;0;0;
UT Khawaja;batter;left;pace;Australia;5;143;15;39;112;52;0;0;0;0;0;0;
SPD Smith;batter;right;spin;Australia;28;564;51;278;667;128;0;14;0;0;17;0;
GJ Maxwell;allrounder;right;spin;Australia;0;203;55;2;190;150;38;394;71;49;268;38;
MP Stoinis;allrounder;right;pace;Australia;0;115;32;90;119;54;50;317;51;5;165;6;
AT Carey;batter;left;;Australia;7;516;70;89;517;210;0;0;0;0;0;0;
NM Coulter-Nile;allrounder;right;pace;Australia;0;2;8;0;37;32;15;114;42;42;75;0;
PJ Cummins;bowler;right;pace;Australia;0;25;53;0;21;80;340;539;209;175;160;57;
MA Starc;bowler;left;pace;Australia;0;56;19;0;32;154;489;584;240;261;316;110;
A Zampa;bowler;right;spin;Australia;0;47;26;0;32;92;26;1155;157;10;435;78;
SE Marsh;batter;left;spin;Australia;0;4;0;0;15;16;0;0;0;0;0;0;
KW Richardson;bowler;right;pace;Australia;0;0;0;0;0;13;19;113;54;35;35;25;
JP Behrendorff;bowler;right;pace;Australia;0;0;0;0;8;11;105;99;24;47;49;0;
NM Lyon;bowler;right;spin;Australia;0;0;0;0;0;10;7;99;17;5;69;8;
PSP Handscomb;batter;right;;Australia;0;0;0;12;0;0;0;0;0;0;0;0;
M Labuschagne;allrounder;right;spin;Australia;14;528;25;86;320;62;0;114;37;0;35;0;
AJ Turner;batter;right;spin;Australia;0;20;15;0;23;17;0;44;0;0;42;0;
AC Agar;bowler;left;spin;Australia;0;36;26;0;24;71;18;399;12;7;155;24;
JR Hazlewood;bowler;left;pace;Australia;0;3;13;0;0;32;429;396;153;203;125;45;
MR Marsh;allrounder;right;pace;Australia;90;211;23;108;150;66;32;277;39;7;67;2;
DJM Short;batter;left;spin;Australia;0;86;7;0;77;1;0;36;5;0;0;7;
JA Richardson;bowler;right;pace;Australia;0;0;9;0;0;15;26;67;15;41;13;3;
MC Henriques;allrounder;right;pace;Australia;2;40;0;7;23;1;0;43;4;0;0;2;
C Green;allrounder;right;pace;Australia;0;132;47;0;98;68;38;210;20;74;113;5;
SA Abbott;allrounder;right;pace;Australia;0;2;16;0;57;46;72;175;36;61;88;39;
JR Philippe;batter;right;;Australia;16;3;0;72;0;0;0;0;0;0;0;0;
BR McDermott;batter;right;pace;Australia;6;113;0;82;79;0;0;0;0;0;0;0;
MS Wade;batter;left;pace;Australia;0;88;3;0;38;1;0;0;0;0;0;0;
WA Agar;bowler;right;pace;Australia;0;0;6;0;9;28;15;28;0;5;22;0;
RP Meredith;bowler;right;pace;Australia;0;0;0;0;0;0;13;9;0;0;11;0;
DT Christian;allrounder;right;pace;Australia;0;0;0;0;0;0;0;0;0;0;0;0;
TM Head;batter;left;spin;Australia;20;181;21;207;134;9;0;29;0;0;49;0;
NT Ellis;bowler;right;pace;Australia;0;0;0;0;5;3;11;26;30;32;62;14;
MJ Swepson;bowler;right;spin;Australia;0;0;0;0;0;2;0;78;8;0;74;0;
MP Kuhnemann;bowler;left;spin;Australia;0;0;6;0;0;9;46;137;16;2;21;8;
JP Inglis;batter;right;;Australia;10;22;0;16;5;0;0;0;0;0;0;0;
Zawar Farid;bowler;right;pace;UAE;4;0;0;49;0;0;0;0;0;0;0;0;
V Aravind;batter;right;;UAE;22;199;0;192;112;0;0;0;0;0;0;0;
CP Rizwan;batter;right;spin;UAE;0;40;6;27;74;10;0;0;0;0;0;0;
A Sharafu;batter;right;pace;UAE;0;0;0;3;6;0;0;0;0;0;0;0;
Muhammad Usman;batter;left;;UAE;0;38;6;0;58;23;0;0;0;0;0;0;
Waheed Ahmed;bowler;right;pace;UAE;0;8;0;0;10;10;0;40;0;0;0;0;
Rohan Mustafa;batter;left;spin;UAE;6;74;0;28;72;0;2;255;41;4;57;13;
Ahmed Raza;bowler;right;spin;UAE;0;9;0;0;6;0;12;109;0;0;0;0;
Zahoor Khan;bowler;right;pace;UAE;0;18;0;0;2;13;65;167;80;4;20;25;
KP Meiyappan;bowler;right;spin;UAE;0;48;14;0;27;29;0;318;28;0;12;2;
Kashif Daud;allrounder;right;pace;UAE;0;14;0;0;9;0;61;12;40;0;0;0;
Basil Hameed;batter;right;spin;UAE;0;162;14;0;78;30;0;44;13;0;4;0;
Waseem Muhammad;batter;right;pace;UAE;10;28;0;139;23;0;0;0;0;0;0;0;
Asif Khan;batter;right;spin;UAE;0;165;6;34;63;29;0;0;0;0;0;0;
Rameez Shahzad;batter;right;spin;UAE;6;115;0;24;50;0;0;0;0;0;0;0;
Ali Naseer;allrounder;left;pace;UAE;0;106;17;0;59;21;143;159;70;15;24;19;
Aayan Afzal Khan;allrounder;right;spin;UAE;0;56;18;0;35;39;45;347;11;3;23;2;
Muhammad Jawadullah;bowler;left;pace;UAE;0;7;0;0;1;5;76;79;23;30;24;3;
Junaid Siddique;bowler;right;pace;UAE;0;11;5;0;7;7;167;86;46;32;15;14;
A Sharma;batter;right;;UAE;0;23;0;132;31;0;0;0;0;0;0;0;
Ethan D'Souza;batter;left;spin;UAE;0;12;0;0;9;0;0;0;0;0;0;0;
SM Sharma;bowler;right;pace;UAE;0;44;11;0;12;15;15;97;52;3;6;8;
Lovepreet Singh;batter;right;spin;UAE;0;8;0;14;4;0;0;0;0;0;0;0;
Adhitya Shetty;bowler;right;spin;UAE;0;0;0;0;0;0;0;60;0;0;0;0;
Imam-ul-Haq;batter;left;;Pakistan;56;495;2;660;392;3;0;0;0;0;0;0;
Fakhar Zaman;batter;left;spin;Pakistan;114;495;25;663;379;49;0;0;0;0;0;0;
Babar Azam;batter;right;spin;Pakistan;59;1060;79;385;865;117;0;0;0;0;0;0;
Haris Sohail;batter;left;spin;Pakistan;0;235;31;11;105;85;0;0;0;0;0;0;
Sarfraz Ahmed;batter;right;spin;Pakistan;0;76;13;2;89;48;0;0;0;0;0;0;
Mohammad Hafeez;allrounder;right;spin;Pakistan;0;114;7;0;159;12;14;81;0;41;57;0;
Imad Wasim;allrounder;left;spin;Pakistan;0;22;44;0;16;97;38;198;22;5;104;3;
Shadab Khan;allrounder;right;spin;Pakistan;0;97;45;0;81;99;18;658;94;0;353;44;
Hasan Ali;bowler;right;pace;Pakistan;0;20;11;0;31;16;149;148;106;77;46;37;
Wahab Riaz;bowler;right;pace;Pakistan;0;27;27;0;39;41;29;250;105;19;195;58;
Mohammad Amir;bowler;left;pace;Pakistan;0;0;0;0;6;9;152;72;93;107;81;51;
Asif Ali;batter;right;spin;Pakistan;0;20;0;0;23;12;0;0;0;0;0;0;
Shoaib Malik;allrounder;right;spin;Pakistan;0;0;0;0;3;9;0;28;0;0;21;0;
Shaheen Shah Afridi;bowler;left;pace;Pakistan;0;12;5;0;40;44;411;207;194;116;182;100;
Iftikhar Ahmed;batter;right;spin;Pakistan;0;84;26;0;41;65;0;107;0;13;188;6;
Usman Shinwari;bowler;right;pace;Pakistan;0;0;0;0;0;0;14;18;14;34;25;6;
Abid Ali;batter;right;spin;Pakistan;1;34;0;87;3;0;0;0;0;0;0;0;
Mohammad Rizwan;batter;right;;Pakistan;12;342;47;69;228;129;0;0;0;0;0;0;
Faheem Ashraf;allrounder;left;pace;Pakistan;0;19;13;0;14;22;17;202;10;7;100;9;
Haris Rauf;bowler;right;pace;Pakistan;0;0;17;0;3;23;295;365;174;92;136;101;
Haider Ali;batter;right;;Pakistan;0;24;0;9;0;0;0;0;0;0;0;0;
Muhammad Musa;bowler;right;pace;Pakistan;0;0;0;0;0;3;6;43;8;6;31;5;
Khushdil Shah;batter;left;spin;Pakistan;0;91;24;0;32;67;0;73;27;0;5;4;
Mohammad Hasnain;bowler;right;pace;Pakistan;0;0;0;0;0;10;81;38;33;30;30;14;
Saud Shakeel;batter;left;spin;Pakistan;0;15;4;16;61;7;0;37;0;0;10;0;
Sohaib Maqsood;batter;right;spin;Pakistan;0;3;0;3;44;5;0;0;0;0;0;0;
Danish Aziz;allrounder;left;spin;Pakistan;0;5;0;0;17;0;0;24;0;0;6;0;
Usman Qadir;bowler;left;spin;Pakistan;0;0;0;0;0;0;0;42;0;0;12;0;
Mohammad Wasim;allrounder;right;pace;Pakistan;0;6;14;0;2;39;98;281;98;41;135;19;
Zahid Mahmood;bowler;right;spin;Pakistan;0;0;2;0;0;10;0;143;8;0;63;4;
Mohammad Nawaz;allrounder;left;spin;Pakistan;0;11;37;0;13;55;29;442;32;13;196;7;
Agha Salman;allrounder;right;spin;Pakistan;0;138;22;0;85;69;0;141;3;0;199;3;
Naseem Shah;bowler;right;pace;Pakistan;0;0;2;0;0;10;163;69;91;45;29;63;
Abdullah Shafique;batter;right;spin;Pakistan;4;23;0;1;15;0;0;0;0;0;0;0;
Mohammad Haris;batter;right;spin;Pakistan;0;10;0;0;8;8;0;0;0;0;0;0;
Shahnawaz Dhani;bowler;right;pace;Pakistan;0;0;0;0;0;3;26;33;10;22;7;2;
Usama Mir;bowler;right;spin;Pakistan;0;9;3;0;8;7;0;154;38;0;145;18;
Shan Masood;batter;left;pace;Pakistan;0;17;0;59;18;0;0;0;0;0;0;0;
Kamran Ghulam;allrounder;right;spin;Pakistan;0;0;0;0;0;0;0;0;0;0;0;0;
Ihsanullah;bowler;right;pace;Pakistan;0;0;0;0;0;0;12;26;0;0;11;0;
KH Prajapati;batter;right;spin;Oman;10;90;0;168;48;0;0;0;0;0;0;0;
Jatinder Singh;batter;right;spin;Oman;4;14;0;113;26;0;0;0;0;0;0;0;
Aqib Ilyas;batter;right;spin;Oman;8;82;0;84;76;0;0;74;12;0;29;0;
Zeeshan Maqsood;batter;left;spin;Oman;0;83;0;8;44;13;5;150;42;7;32;13;
Mohammad Nadeem;allrounder;right;pace;Oman;0;127;25;7;49;35;0;155;6;0;20;0;
Ayan Khan;allrounder;left;spin;Oman;0;175;19;19;102;34;0;216;6;0;45;0;
Shoaib Khan;batter;right;pace;Oman;2;122;44;12;67;18;0;0;0;0;0;0;
Naseem Khushi;batter;right;;Oman;0;17;19;0;21;12;0;0;0;0;0;0;
Jay Odedra;allrounder;right;spin;Oman;0;3;2;0;0;11;4;149;0;2;11;0;
Fayyaz Butt;bowler;right;pace;Oman;0;16;3;0;12;12;81;46;74;41;34;38;
Bilal Khan;bowler;left;pace;Oman;0;7;5;0;0;1;152;52;94;54;21;16;
Kaleemullah;bowler;right;pace;Oman;0;0;2;0;0;4;53;60;0;32;32;0;
Sandeep Goud;allrounder;right;pace;Oman;0;6;0;0;9;4;0;0;0;0;0;0;
Suraj Kumar;batter;right;;Oman;0;30;23;0;0;28;0;0;0;0;0;0;
KJ Coetzer;batter;right;pace;Scotland;0;0;0;28;0;0;0;0;0;0;0;0;
MA Jones;batter;right;spin;Scotland;0;17;0;30;6;0;0;0;0;0;0;0;
CS MacLeod;batter;right;pace;Scotland;0;2;0;8;4;0;0;0;0;0;0;0;
RD Berrington;batter;right;pace;Scotland;7;178;26;32;106;33;0;0;0;0;0;0;
MH Cross;batter;right;;Scotland;0;124;5;129;67;5;0;0;0;0;0;0;
CN Greaves;bowler;right;spin;Scotland;0;92;0;0;17;19;0;148;59;0;39;16;
MA Leask;allrounder;right;spin;Scotland;0;82;25;0;59;54;0;147;4;0;83;2;
MRJ Watt;bowler;left;spin;Scotland;0;25;27;0;33;71;30;247;55;0;94;13;
SM Sharif;bowler;right;pace;Scotland;0;0;7;0;0;41;41;162;40;13;48;0;
CB Sole;bowler;right;pace;Scotland;0;19;0;0;2;11;173;118;30;62;29;16;
Hamza Tahir;bowler;right;spin;Scotland;0;0;0;0;0;5;0;36;1;0;12;5;
CM McBride;batter;right;pace;Scotland;15;32;0;127;31;0;0;62;0;0;5;0;
BJ McMullen;allrounder;right;pace;Scotland;14;167;4;106;126;2;115;59;24;63;27;0;
HG Munsey;batter;left;pace;Scotland;0;72;3;0;49;3;0;0;0;0;0;0;
TSS Mackintosh;batter;right;;Scotland;0;40;13;3;34;32;0;0;0;0;0;0;
J Jarvis;bowler;right;pace;Scotland;0;2;0;0;8;0;0;36;0;0;0;0;
A Neill;bowler;right;pace;Scotland;0;0;0;0;0;2;0;39;0;0;5;0;
AC Evans;bowler;right;pace;Scotland;0;0;0;0;0;0;0;28;0;0;14;0;
