World_Cup,1,England,EJG Morgan,JC Buttler,2019
World_Cup,1,South Africa,F du Plessis,Q de Kock,2019
World_Cup,2,Pakistan,Sarfraz Ahmed,Sarfraz Ahmed,2019
World_Cup,2,West Indies,JO Holder,SD Hope,2019
World_Cup,3,Sri Lanka,FDM Karunaratne,MDKJ Perera,2019
World_Cup,3,New Zealand,KS Williamson,TWM Latham,2019
World_Cup,4,Afghanistan,Gulbadin Naib,Mohammad Shahzad,2019
World_Cup,4,Australia,AJ Finch,AT Carey,2019
World_Cup,5,Bangladesh,Mashrafe Mortaza,Mushfiqur Rahim,2019
World_Cup,5,South Africa,F du Plessis,Q de Kock,2019
World_Cup,6,Pakistan,Sarfraz Ahmed,Sarfraz Ahmed,2019
World_Cup,6,England,EJG Morgan,JC Buttler,2019
World_Cup,7,Sri Lanka,FDM Karunaratne,MDKJ Perera,2019
World_Cup,7,Afghanistan,Gulbadin Naib,Mohammad Shahzad,2019
World_Cup,8,South Africa,F du Plessis,Q de Kock,2019
World_Cup,8,India,V Kohli,MS Dhoni,2019
World_Cup,9,Bangladesh,Mashrafe Mortaza,Mushfiqur Rahim,2019
World_Cup,9,New Zealand,KS Williamson,TWM Latham,2019
World_Cup,10,Australia,AJ Finch,AT Carey,2019
World_Cup,10,West Indies,JO Holder,SD Hope,2019
World_Cup,12,England,EJG Morgan,JC Buttler,2019
World_Cup,12,Bangladesh,Mashrafe Mortaza,Mushfiqur Rahim,2019
World_Cup,13,Afghanistan,Gulbadin Naib,Ikram Alikhil,2019
World_Cup,13,New Zealand,KS Williamson,TWM Latham,2019
World_Cup,14,India,V Kohli,MS Dhoni,2019
World_Cup,14,Australia,AJ Finch,AT Carey,2019
World_Cup,15,South Africa,F du Plessis,Q de Kock,2019
World_Cup,15,West Indies,JO Holder,SD Hope,2019
World_Cup,17,Australia,AJ Finch,AT Carey,2019
World_Cup,17,Pakistan,Sarfraz Ahmed,Sarfraz Ahmed,2019
World_Cup,19,West Indies,JO Holder,SD Hope,2019
World_Cup,19,England,EJG Morgan,JC Buttler,2019
World_Cup,20,Australia,AJ Finch,AT Carey,2019
World_Cup,20,Sri Lanka,FDM Karunaratne,MDKJ Perera,2019
World_Cup,21,Afghanistan,Gulbadin Naib,Ikram Alikhil,2019
World_Cup,21,South Africa,F du Plessis,Q de Kock,2019
World_Cup,22,India,V Kohli,MS Dhoni,2019
World_Cup,22,Pakistan,Sarfraz Ahmed,Sarfraz Ahmed,2019
World_Cup,23,West Indies,JO Holder,SD Hope,2019
World_Cup,23,Bangladesh,Mashrafe Mortaza,Mushfiqur Rahim,2019
World_Cup,24,England,EJG Morgan,JC Buttler,2019
World_Cup,24,Afghanistan,Gulbadin Naib,Ikram Alikhil,2019
World_Cup,25,South Africa,F du Plessis,Q de Kock,2019
World_Cup,25,New Zealand,KS Williamson,TWM Latham,2019
World_Cup,26,Australia,AJ Finch,AT Carey,2019
World_Cup,26,Bangladesh,Mashrafe Mortaza,Mushfiqur Rahim,2019
World_Cup,27,Sri Lanka,FDM Karunaratne,MDKJ Perera,2019
World_Cup,27,England,EJG Morgan,JC Buttler,2019
World_Cup,28,India,V Kohli,MS Dhoni,2019
World_Cup,28,Afghanistan,Gulbadin Naib,Ikram Alikhil,2019
World_Cup,29,New Zealand,KS Williamson,TWM Latham,2019
World_Cup,29,West Indies,JO Holder,SD Hope,2019
World_Cup,30,Pakistan,Sarfraz Ahmed,Sarfraz Ahmed,2019
World_Cup,30,South Africa,F du Plessis,Q de Kock,2019
World_Cup,31,Bangladesh,Mashrafe Mortaza,Mushfiqur Rahim,2019
World_Cup,31,Afghanistan,Gulbadin Naib,Ikram Alikhil,2019
World_Cup,32,Australia,AJ Finch,AT Carey,2019
World_Cup,32,England,EJG Morgan,JC Buttler,2019
World_Cup,33,New Zealand,KS Williamson,TWM Latham,2019
World_Cup,33,Pakistan,Sarfraz Ahmed,Sarfraz Ahmed,2019
World_Cup,34,India,V Kohli,MS Dhoni,2019
World_Cup,34,West Indies,JO Holder,SD Hope,2019
World_Cup,35,Sri Lanka,FDM Karunaratne,MDKJ Perera,2019
World_Cup,35,South Africa,F du Plessis,Q de Kock,2019
World_Cup,36,Afghanistan,Gulbadin Naib,Ikram Alikhil,2019
World_Cup,36,Pakistan,Sarfraz Ahmed,Sarfraz Ahmed,2019
World_Cup,37,Australia,AJ Finch,AT Carey,2019
World_Cup,37,New Zealand,KS Williamson,TWM Latham,2019
World_Cup,38,England,EJG Morgan,JC Buttler,2019
World_Cup,38,India,V Kohli,MS Dhoni,2019
World_Cup,39,Sri Lanka,FDM Karunaratne,MDKJ Perera,2019
World_Cup,39,West Indies,JO Holder,SD Hope,2019
World_Cup,40,India,V Kohli,MS Dhoni,2019
World_Cup,40,Bangladesh,Mashrafe Mortaza,Mushfiqur Rahim,2019
World_Cup,41,England,EJG Morgan,JC Buttler,2019
World_Cup,41,New Zealand,KS Williamson,TWM Latham,2019
World_Cup,42,West Indies,JO Holder,SD Hope,2019
World_Cup,42,Afghanistan,Gulbadin Naib,Ikram Alikhil,2019
World_Cup,43,Pakistan,Sarfraz Ahmed,Sarfraz Ahmed,2019
World_Cup,43,Bangladesh,Mashrafe Mortaza,Mushfiqur Rahim,2019
World_Cup,44,Sri Lanka,FDM Karunaratne,MDKJ Perera,2019
World_Cup,44,India,V Kohli,MS Dhoni,2019
World_Cup,45,South Africa,F du Plessis,Q de Kock,2019
World_Cup,45,Australia,AJ Finch,AT Carey,2019
World_Cup,46,New Zealand,KS Williamson,TWM Latham,2019
World_Cup,46,India,V Kohli,MS Dhoni,2019
World_Cup,47,Australia,AJ Finch,AT Carey,2019
World_Cup,47,England,EJG Morgan,JC Buttler,2019
World_Cup,48,New Zealand,KS Williamson,TWM Latham,2019
World_Cup,48,England,EJG Morgan,JC Buttler,2019
BAN_SL,1,Sri Lanka,FDM Karunaratne,MDKJ Perera,2019
BAN_SL,1,Bangladesh,Tamim Iqbal,Mushfiqur Rahim,2019
BAN_SL,2,Bangladesh,Tamim Iqbal,Anamul Haque,2019
BAN_SL,2,Sri Lanka,FDM Karunaratne,MDKJ Perera,2019
BAN_SL,3,Sri Lanka,FDM Karunaratne,MDKJ Perera,2019
BAN_SL,3,Bangladesh,Tamim Iqbal,Mushfiqur Rahim,2019
IND_WI,1,West Indies,JO Holder,N Pooran,2019
IND_WI,1,India,V Kohli,RR Pant,2019
IND_WI,2,India,V Kohli,RR Pant,2019
IND_WI,2,West Indies,JO Holder,SD Hope,2019
IND_WI,3,West Indies,JO Holder,SD Hope,2019
IND_WI,3,India,V Kohli,RR Pant,2019
SL_PAK,1,Pakistan,Sarfraz Ahmed,Sarfraz Ahmed,2019-20
SL_PAK,1,Sri Lanka,HDRL Thirimanne,S Samarawickrama,2019-20
SL_PAK,2,Sri Lanka,HDRL Thirimanne,M Bhanuka,2019-20
SL_PAK,2,Pakistan,Sarfraz Ahmed,Sarfraz Ahmed,2019-20
AFG_WI,1,Afghanistan,Rashid Khan,Ikram Alikhil,2019-20
AFG_WI,1,West Indies,KA Pollard,SD Hope,2019-20
AFG_WI,2,West Indies,KA Pollard,N Pooran,2019-20
AFG_WI,2,Afghanistan,Rashid Khan,Ikram Alikhil,2019-20
AFG_WI,3,Afghanistan,Rashid Khan,Ikram Alikhil,2019-20
AFG_WI,3,West Indies,KA Pollard,SD Hope,2019-20
WI_IND,1,India,V Kohli,RR Pant,2019-20
WI_IND,1,West Indies,KA Pollard,SD Hope,2019-20
WI_IND,2,India,V Kohli,RR Pant,2019-20
WI_IND,2,West Indies,KA Pollard,SD Hope,2019-20
WI_IND,3,West Indies,KA Pollard,SD Hope,2019-20
WI_IND,3,India,V Kohli,RR Pant,2019-20
IRE_WI,1,Ireland,A Balbirnie,L Tucker,2019-20
IRE_WI,1,West Indies,KA Pollard,SD Hope,2019-20
IRE_WI,2,Ireland,A Balbirnie,L Tucker,2019-20
IRE_WI,2,West Indies,KA Pollard,SD Hope,2019-20
IRE_WI,3,Ireland,A Balbirnie,L Tucker,2019-20
IRE_WI,3,West Indies,KA Pollard,SD Hope,2019-20
AUS_IND,1,India,V Kohli,KL Rahul,2019-20
AUS_IND,1,Australia,AJ Finch,AT Carey,2019-20
AUS_IND,2,India,V Kohli,KL Rahul,2019-20
AUS_IND,2,Australia,AJ Finch,AT Carey,2019-20
AUS_IND,3,Australia,AJ Finch,AT Carey,2019-20
AUS_IND,3,India,V Kohli,KL Rahul,2019-20
ENG_SA,1,England,EJG Morgan,JM Bairstow,2019-20
ENG_SA,1,South Africa,Q de Kock,Q de Kock,2019-20
ENG_SA,2,South Africa,Q de Kock,Q de Kock,2019-20
ENG_SA,2,England,EJG Morgan,JM Bairstow,2019-20
ENG_SA,3,South Africa,Q de Kock,Q de Kock,2019-20
ENG_SA,3,England,EJG Morgan,JM Bairstow,2019-20
IND_NZ,1,India,V Kohli,KL Rahul,2019-20
IND_NZ,1,New Zealand,TWM Latham,TWM Latham,2019-20
IND_NZ,2,New Zealand,TWM Latham,TWM Latham,2019-20
IND_NZ,2,India,V Kohli,KL Rahul,2019-20
IND_NZ,3,India,V Kohli,KL Rahul,2019-20
IND_NZ,3,New Zealand,KS Williamson,TWM Latham,2019-20
WI_SL,1,West Indies,KA Pollard,SD Hope,2019-20
WI_SL,1,Sri Lanka,FDM Karunaratne,MDKJ Perera,2019-20
WI_SL,2,Sri Lanka,FDM Karunaratne,MDKJ Perera,2019-20
WI_SL,2,West Indies,KA Pollard,SD Hope,2019-20
WI_SL,3,Sri Lanka,FDM Karunaratne,MDKJ Perera,2019-20
WI_SL,3,West Indies,KA Pollard,SD Hope,2019-20
AUS_SA,1,South Africa,Q de Kock,Q de Kock,2019-20
AUS_SA,1,Australia,AJ Finch,AT Carey,2019-20
AUS_SA,2,Australia,AJ Finch,AT Carey,2019-20
AUS_SA,2,South Africa,Q de Kock,Q de Kock,2019-20
AUS_SA,3,Australia,AJ Finch,AT Carey,2019-20
AUS_SA,3,South Africa,Q de Kock,Q de Kock,2019-20
ZIM_BAN,1,Bangladesh,Mashrafe Mortaza,Mushfiqur Rahim,2019-20
ZIM_BAN,1,Zimbabwe,CJ Chibhabha,R Mutumbami,2019-20
ZIM_BAN,2,Bangladesh,Mashrafe Mortaza,Mushfiqur Rahim,2019-20
ZIM_BAN,2,Zimbabwe,SC Williams,R Mutumbami,2019-20
ZIM_BAN,3,Bangladesh,Mashrafe Mortaza,Liton Das,2019-20
ZIM_BAN,3,Zimbabwe,SC Williams,R Mutumbami,2019-20
NZ_AUS,1,Australia,AJ Finch,AT Carey,2019-20
NZ_AUS,1,New Zealand,KS Williamson,TWM Latham,2019-20
IRE_ENG,1,Ireland,A Balbirnie,L Tucker,2020
IRE_ENG,1,England,EJG Morgan,JM Bairstow,2020
IRE_ENG,2,Ireland,A Balbirnie,L Tucker,2020
IRE_ENG,2,England,EJG Morgan,JM Bairstow,2020
IRE_ENG,3,England,EJG Morgan,JM Bairstow,2020
IRE_ENG,3,Ireland,A Balbirnie,L Tucker,2020
AUS_ENG,1,Australia,AJ Finch,AT Carey,2020
AUS_ENG,1,England,EJG Morgan,JC Buttler,2020
AUS_ENG,2,England,EJG Morgan,JC Buttler,2020
AUS_ENG,2,Australia,AJ Finch,AT Carey,2020
AUS_ENG,3,England,EJG Morgan,JC Buttler,2020
AUS_ENG,3,Australia,AJ Finch,AT Carey,2020
ZIMPAK,1,Pakistan,Babar Azam,Mohammad Rizwan,2020-21
ZIMPAK,1,Zimbabwe,CJ Chibhabha,BRM Taylor,2020-21
ZIMPAK,2,Zimbabwe,CJ Chibhabha,BRM Taylor,2020-21
ZIMPAK,2,Pakistan,Babar Azam,Mohammad Rizwan,2020-21
ZIMPAK,3,Zimbabwe,CJ Chibhabha,BRM Taylor,2020-21
ZIMPAK,3,Pakistan,Babar Azam,Mohammad Rizwan,2020-21
INDAUS,1,Australia,AJ Finch,AT Carey,2020-21
INDAUS,1,India,V Kohli,KL Rahul,2020-21
INDAUS,2,Australia,AJ Finch,AT Carey,2020-21
INDAUS,2,India,V Kohli,KL Rahul,2020-21
INDAUS,3,India,V Kohli,KL Rahul,2020-21
INDAUS,3,Australia,AJ Finch,AT Carey,2020-21
IREUAE,1,Ireland,A Balbirnie,L Tucker,2020-21
IREUAE,1,United Arab Emirates,Ahmed Raza,V Aravind,2020-21
IREUAE,2,Ireland,A Balbirnie,L Tucker,2020-21
IREUAE,2,United Arab Emirates,Ahmed Raza,V Aravind,2020-21
IREAF,1,Afghanistan,Asghar Stanikzai,Rahmanullah Gurbaz,2020-21
IREAF,1,Ireland,A Balbirnie,L Tucker,2020-21
IREAF,2,Ireland,A Balbirnie,L Tucker,2020-21
IREAF,2,Afghanistan,Asghar Stanikzai,Rahmanullah Gurbaz,2020-21
IREAF,3,Afghanistan,Asghar Stanikzai,Rahmanullah Gurbaz,2020-21
IREAF,3,Ireland,A Balbirnie,L Tucker,2020-21
WIBAN,1,West Indies,JN Mohammed,J Da Silva,2020-21
WIBAN,1,Bangladesh,Tamim Iqbal,Mushfiqur Rahim,2020-21
WIBAN,2,West Indies,JN Mohammed,J Da Silva,2020-21
WIBAN,2,Bangladesh,Tamim Iqbal,Mushfiqur Rahim,2020-21
WIBAN,3,Bangladesh,Tamim Iqbal,Mushfiqur Rahim,2020-21
WIBAN,3,West Indies,JN Mohammed,JN Hamilton,2020-21
SLWI,1,Sri Lanka,FDM Karunaratne,LD Chandimal,2020-21
SLWI,1,West Indies,KA Pollard,SD Hope,2020-21
SLWI,2,Sri Lanka,FDM Karunaratne,LD Chandimal,2020-21
SLWI,2,West Indies,KA Pollard,SD Hope,2020-21
SLWI,3,Sri Lanka,FDM Karunaratne,LD Chandimal,2020-21
SLWI,3,West Indies,KA Pollard,SD Hope,2020-21
BANNZ,1,Bangladesh,Tamim Iqbal,Mushfiqur Rahim,2020-21
BANNZ,1,New Zealand,TWM Latham,TWM Latham,2020-21
BANNZ,2,Bangladesh,Tamim Iqbal,Mushfiqur Rahim,2020-21
BANNZ,2,New Zealand,TWM Latham,TWM Latham,2020-21
BANNZ,3,New Zealand,TWM Latham,TWM Latham,2020-21
BANNZ,3,Bangladesh,Tamim Iqbal,Mushfiqur Rahim,2020-21
ENGIND,1,India,V Kohli,KL Rahul,2020-21
ENGIND,1,England,EJG Morgan,JC Buttler,2020-21
ENGIND,2,India,V Kohli,RR Pant,2020-21
ENGIND,2,England,JC Buttler,JC Buttler,2020-21
ENGIND,3,India,V Kohli,RR Pant,2020-21
ENGIND,3,England,JC Buttler,JC Buttler,2020-21
PAKSA,1,South Africa,T Bavuma,Q de Kock,2021
PAKSA,1,Pakistan,Babar Azam,Mohammad Rizwan,2021
PAKSA,2,South Africa,T Bavuma,Q de Kock,2021
PAKSA,2,Pakistan,Babar Azam,Mohammad Rizwan,2021
PAKSA,3,Pakistan,Babar Azam,Sarfraz Ahmed,2021
PAKSA,3,South Africa,T Bavuma,H Klaasen,2021
SLBAN,1,Bangladesh,Tamim Iqbal,Mushfiqur Rahim,2021
SLBAN,1,Sri Lanka,MDKJ Perera,MDKJ Perera,2021
SLBAN,2,Bangladesh,Tamim Iqbal,Mushfiqur Rahim,2021
SLBAN,2,Sri Lanka,MDKJ Perera,MDKJ Perera,2021
SLBAN,3,Sri Lanka,MDKJ Perera,N Dickwella,2021
SLBAN,3,Bangladesh,Tamim Iqbal,Mushfiqur Rahim,2021
IRENED,1,Netherlands,PM Seelaar,SA Edwards,2021
IRENED,1,Ireland,A Balbirnie,L Tucker,2021
IRENED,2,Ireland,A Balbirnie,L Tucker,2021
IRENED,2,Netherlands,PM Seelaar,SA Edwards,2021
IRENED,3,Ireland,A Balbirnie,L Tucker,2021
IRENED,3,Netherlands,PM Seelaar,SA Edwards,2021
SLENG,1,Sri Lanka,MDKJ Perera,MDKJ Perera,2021
SLENG,1,England,EJG Morgan,JM Bairstow,2021
SLENG,2,Sri Lanka,MDKJ Perera,MDKJ Perera,2021
SLENG,2,England,EJG Morgan,JM Bairstow,2021
SLENG,3,Sri Lanka,MDKJ Perera,MDKJ Perera,2021
SLENG,3,England,EJG Morgan,JM Bairstow,2021
PAKENG,1,Pakistan,Babar Azam,Mohammad Rizwan,2021
PAKENG,1,England,BA Stokes,JA Simpson,2021
PAKENG,2,England,BA Stokes,JA Simpson,2021
PAKENG,2,Pakistan,Babar Azam,Mohammad Rizwan,2021
PAKENG,3,Pakistan,Babar Azam,Mohammad Rizwan,2021
PAKENG,3,England,BA Stokes,JA Simpson,2021
SAIRE,1,Ireland,A Balbirnie,L Tucker,2021
SAIRE,1,South Africa,T Bavuma,K Verreynne,2021
SAIRE,2,Ireland,A Balbirnie,L Tucker,2021
SAIRE,2,South Africa,T Bavuma,K Verreynne,2021
SAIRE,3,South Africa,T Bavuma,Q de Kock,2021
SAIRE,3,Ireland,A Balbirnie,L Tucker,2021
BANZIM,1,Bangladesh,Tamim Iqbal,Liton Das,2021
BANZIM,1,Zimbabwe,BRM Taylor,RW Chakabva,2021
BANZIM,2,Zimbabwe,BRM Taylor,RW Chakabva,2021
BANZIM,2,Bangladesh,Tamim Iqbal,Liton Das,2021
BANZIM,3,Zimbabwe,BRM Taylor,RW Chakabva,2021
BANZIM,3,Bangladesh,Tamim Iqbal,Nurul Hasan,2021
INDSL,1,Sri Lanka,MD Shanaka,M Bhanuka,2021
INDSL,1,India,S Dhawan,Ishan Kishan,2021
INDSL,2,Sri Lanka,MD Shanaka,M Bhanuka,2021
INDSL,2,India,S Dhawan,Ishan Kishan,2021
INDSL,3,India,S Dhawan,SV Samson,2021
INDSL,3,Sri Lanka,MD Shanaka,M Bhanuka,2021
AUSWI,1,Australia,AT Carey,AT Carey,2021
AUSWI,1,West Indies,KA Pollard,N Pooran,2021
AUSWI,2,Australia,AT Carey,AT Carey,2021
AUSWI,2,West Indies,KA Pollard,SD Hope,2021
AUSWI,3,West Indies,KA Pollard,SD Hope,2021
AUSWI,3,Australia,AT Carey,AT Carey,2021
SASL,1,Sri Lanka,MD Shanaka,M Bhanuka,2021
SASL,1,South Africa,T Bavuma,H Klaasen,2021
SASL,2,South Africa,KA Maharaj,H Klaasen,2021
SASL,2,Sri Lanka,MD Shanaka,M Bhanuka,2021
SASL,3,Sri Lanka,MD Shanaka,LD Chandimal,2021
SASL,3,South Africa,KA Maharaj,H Klaasen,2021
ZIMIRE,1,Zimbabwe,CR Ervine,RW Chakabva,2021
ZIMIRE,1,Ireland,A Balbirnie,L Tucker,2021
ZIMIRE,2,Ireland,A Balbirnie,L Tucker,2021
ZIMIRE,2,Zimbabwe,CR Ervine,RW Chakabva,2021
ZIMIRE,3,Zimbabwe,CR Ervine,RW Chakabva,2021
ZIMIRE,3,Ireland,A Balbirnie,L Tucker,2021
NEDSA,1,South Africa,KA Maharaj,K Verreynne,2021-22
NEDSA,1,Netherlands,PM Seelaar,SA Edwards,2021-22
IREWI,1,West Indies,KA Pollard,N Pooran,2021-22
IREWI,1,Ireland,A Balbirnie,L Tucker,2021-22
IREWI,2,West Indies,KA Pollard,SD Hope,2021-22
IREWI,2,Ireland,PR Stirling,NA Rock,2021-22
IREWI,3,West Indies,KA Pollard,SD Hope,2021-22
IREWI,3,Ireland,PR Stirling,NA Rock,2021-22
ZIMSL,1,Zimbabwe,CR Ervine,RW Chakabva,2021-22
ZIMSL,1,Sri Lanka,MD Shanaka,BKG Mendis,2021-22
ZIMSL,2,Zimbabwe,CR Ervine,RW Chakabva,2021-22
ZIMSL,2,Sri Lanka,MD Shanaka,BKG Mendis,2021-22
ZIMSL,3,Sri Lanka,MD Shanaka,BKG Mendis,2021-22
ZIMSL,3,Zimbabwe,CR Ervine,RW Chakabva,2021-22
IND_SA,1,South Africa,T Bavuma,Q de Kock,2021-22
IND_SA,1,India,KL Rahul,RR Pant,2021-22
IND_SA,2,India,KL Rahul,RR Pant,2021-22
IND_SA,2,South Africa,T Bavuma,Q de Kock,2021-22
IND_SA,3,South Africa,T Bavuma,Q de Kock,2021-22
IND_SA,3,India,KL Rahul,RR Pant,2021-22
NED_AFG,1,Afghanistan,Hashmatullah Shahidi,Rahmanullah Gurbaz,2021-22
NED_AFG,1,Netherlands,PM Seelaar,SA Edwards,2021-22
NED_AFG,2,Afghanistan,Hashmatullah Shahidi,Rahmanullah Gurbaz,2021-22
NED_AFG,2,Netherlands,PM Seelaar,SA Edwards,2021-22
NED_AFG,3,Afghanistan,Hashmatullah Shahidi,Ikram Alikhil,2021-22
NED_AFG,3,Netherlands,PM Seelaar,SA Edwards,2021-22
WIIND,1,West Indies,KA Pollard,SD Hope,2021-22
WIIND,1,India,RG Sharma,RR Pant,2021-22
WIIND,2,India,RG Sharma,RR Pant,2021-22
WIIND,2,West Indies,N Pooran,SD Hope,2021-22
WIIND,3,India,RG Sharma,RR Pant,2021-22
WIIND,3,West Indies,N Pooran,SD Hope,2021-22
AFGBAN,1,Afghanistan,Hashmatullah Shahidi,Rahmanullah Gurbaz,2021-22
AFGBAN,1,Bangladesh,Tamim Iqbal,Mushfiqur Rahim,2021-22
AFGBAN,2,Bangladesh,Tamim Iqbal,Mushfiqur Rahim,2021-22
AFGBAN,2,Afghanistan,Hashmatullah Shahidi,Rahmanullah Gurbaz,2021-22
AFGBAN,3,Bangladesh,Tamim Iqbal,Mushfiqur Rahim,2021-22
AFGBAN,3,Afghanistan,Hashmatullah Shahidi,Rahmanullah Gurbaz,2021-22
BANSA,1,Bangladesh,Tamim Iqbal,Mushfiqur Rahim,2021-22
BANSA,1,South Africa,T Bavuma,K Verreynne,2021-22
BANSA,2,Bangladesh,Tamim Iqbal,Mushfiqur Rahim,2021-22
BANSA,2,South Africa,T Bavuma,Q de Kock,2021-22
BANSA,3,South Africa,T Bavuma,Q de Kock,2021-22
BANSA,3,Bangladesh,Tamim Iqbal,Mushfiqur Rahim,2021-22
AUS_PAK,1,Australia,AJ Finch,AT Carey,2021-22
AUS_PAK,1,Pakistan,Babar Azam,Mohammad Rizwan,2021-22
AUS_PAK,2,Australia,AJ Finch,AT Carey,2021-22
AUS_PAK,2,Pakistan,Babar Azam,Mohammad Rizwan,2021-22
AUS_PAK,3,Australia,AJ Finch,AT Carey,2021-22
AUS_PAK,3,Pakistan,Babar Azam,Mohammad Rizwan,2021-22
NEDNZ,1,Netherlands,PM Seelaar,SA Edwards,2021-22
NEDNZ,1,New Zealand,TWM Latham,TWM Latham,2021-22
NEDNZ,2,New Zealand,TWM Latham,TWM Latham,2021-22
NEDNZ,2,Netherlands,PM Seelaar,SA Edwards,2021-22
NEDNZ,3,New Zealand,TWM Latham,TWM Latham,2021-22
NEDNZ,3,Netherlands,PM Seelaar,SA Edwards,2021-22
BAN_ZIM,1,Bangladesh,Tamim Iqbal,Anamul Haque,2022
BAN_ZIM,1,Zimbabwe,RW Chakabva,RW Chakabva,2022
BAN_ZIM,2,Bangladesh,Tamim Iqbal,Mushfiqur Rahim,2022
BAN_ZIM,2,Zimbabwe,RW Chakabva,RW Chakabva,2022
BAN_ZIM,3,Bangladesh,Tamim Iqbal,Mushfiqur Rahim,2022
BAN_ZIM,3,Zimbabwe,Sikandar Raza,C Madande,2022
IRE_ZIM,1,Ireland,A Balbirnie,L Tucker,2022-23
IRE_ZIM,1,Zimbabwe,CR Ervine,C Madande,2022-23
IRE_ZIM,2,Ireland,PR Stirling,L Tucker,2022-23
IRE_ZIM,2,Zimbabwe,Sikandar Raza,C Madande,2022-23
IRE_ZIM,3,Zimbabwe,CR Ervine,T Marumani,2022-23
IRE_ZIM,3,Ireland,PR Stirling,L Tucker,2022-23
NZ_IRE,1,Ireland,A Balbirnie,L Tucker,2022
NZ_IRE,1,New Zealand,TWM Latham,TWM Latham,2022
NZ_IRE,2,Ireland,A Balbirnie,L Tucker,2022
NZ_IRE,2,New Zealand,TWM Latham,TWM Latham,2022
NZ_IRE,3,New Zealand,TWM Latham,TWM Latham,2022
NZ_IRE,3,Ireland,A Balbirnie,L Tucker,2022
NZ_PAK,1,New Zealand,KS Williamson,TWM Latham,2022-23
NZ_PAK,1,Pakistan,Babar Azam,Mohammad Rizwan,2022-23
NZ_PAK,2,New Zealand,KS Williamson,TWM Latham,2022-23
NZ_PAK,2,Pakistan,Babar Azam,Mohammad Rizwan,2022-23
NZ_PAK,3,Pakistan,Babar Azam,Mohammad Rizwan,2022-23
NZ_PAK,3,New Zealand,KS Williamson,TWM Latham,2022-23
AUS_SL,1,Sri Lanka,MD Shanaka,BKG Mendis,2022
AUS_SL,1,Australia,AJ Finch,AT Carey,2022
AUS_SL,2,Sri Lanka,MD Shanaka,BKG Mendis,2022
AUS_SL,2,Australia,AJ Finch,AT Carey,2022
AUS_SL,3,Australia,AJ Finch,AT Carey,2022
AUS_SL,3,Sri Lanka,MD Shanaka,N Dickwella,2022
AUS_SL,4,Sri Lanka,MD Shanaka,N Dickwella,2022
AUS_SL,4,Australia,AJ Finch,AT Carey,2022
AUS_SL,5,Sri Lanka,MD Shanaka,BKG Mendis,2022
AUS_SL,5,Australia,AJ Finch,AT Carey,2022
WI_NED,1,Netherlands,PM Seelaar,SA Edwards,2022
WI_NED,1,West Indies,N Pooran,SD Hope,2022
WI_NED,2,Netherlands,PM Seelaar,SA Edwards,2022
WI_NED,2,West Indies,N Pooran,SD Hope,2022
WI_NED,3,West Indies,N Pooran,SD Hope,2022
WI_NED,3,Netherlands,PM Seelaar,SA Edwards,2022
AFG_ZIM,1,Afghanistan,Hashmatullah Shahidi,Rahmanullah Gurbaz,2022
AFG_ZIM,1,Zimbabwe,CR Ervine,RW Chakabva,2022
AFG_ZIM,2,Zimbabwe,CR Ervine,RW Chakabva,2022
AFG_ZIM,2,Afghanistan,Hashmatullah Shahidi,Rahmanullah Gurbaz,2022
AFG_ZIM,3,Zimbabwe,CR Ervine,RW Chakabva,2022
AFG_ZIM,3,Afghanistan,Hashmatullah Shahidi,Rahmanullah Gurbaz,2022
WI_PAK,1,West Indies,N Pooran,SD Hope,2022
WI_PAK,1,Pakistan,Babar Azam,Mohammad Rizwan,2022
WI_PAK,2,Pakistan,Babar Azam,Mohammad Rizwan,2022
WI_PAK,2,West Indies,N Pooran,SD Hope,2022
WI_PAK,3,Pakistan,Babar Azam,Mohammad Haris,2022
WI_PAK,3,West Indies,N Pooran,SD Hope,2022
ENG_NED,1,England,EJG Morgan,JC Buttler,2022
ENG_NED,1,Netherlands,PM Seelaar,SA Edwards,2022
ENG_NED,2,Netherlands,SA Edwards,SA Edwards,2022
ENG_NED,2,England,EJG Morgan,JC Buttler,2022
ENG_NED,3,Netherlands,SA Edwards,SA Edwards,2022
ENG_NED,3,England,JC Buttler,JC Buttler,2022
IND_ENG,1,England,JC Buttler,JC Buttler,2022
IND_ENG,1,India,RG Sharma,RR Pant,2022
IND_ENG,2,England,JC Buttler,JC Buttler,2022
IND_ENG,2,India,RG Sharma,RR Pant,2022
IND_ENG,3,England,JC Buttler,JC Buttler,2022
IND_ENG,3,India,RG Sharma,RR Pant,2022
WI_BAN,1,West Indies,N Pooran,SD Hope,2022
WI_BAN,1,Bangladesh,Tamim Iqbal,Nurul Hasan,2022
WI_BAN,2,West Indies,N Pooran,SD Hope,2022
WI_BAN,2,Bangladesh,Tamim Iqbal,Nurul Hasan,2022
WI_BAN,3,West Indies,N Pooran,SD Hope,2022
WI_BAN,3,Bangladesh,Tamim Iqbal,Nurul Hasan,2022
SA_ENG,1,South Africa,KA Maharaj,Q de Kock,2022
SA_ENG,1,England,JC Buttler,JC Buttler,2022
SA_ENG,2,England,JC Buttler,JC Buttler,2022
SA_ENG,2,South Africa,KA Maharaj,Q de Kock,2022
SA_ENG,3,South Africa,KA Maharaj,Q de Kock,2022
SA_ENG,3,England,JC Buttler,JC Buttler,2022
IND_WI,1,India,S Dhawan,SV Samson,2022
IND_WI,1,West Indies,N Pooran,SD Hope,2022
IND_WI,2,West Indies,N Pooran,SD Hope,2022
IND_WI,2,India,S Dhawan,SV Samson,2022
IND_WI,3,India,S Dhawan,SV Samson,2022
IND_WI,3,West Indies,N Pooran,SD Hope,2022
NZ_SCO,1,Scotland,RD Berrington,MH Cross,2022
NZ_SCO,1,New Zealand,MJ Santner,D Cleaver,2022
PAK_NED,1,Pakistan,Babar Azam,Mohammad Rizwan,2022
PAK_NED,1,Netherlands,SA Edwards,SA Edwards,2022
PAK_NED,2,Netherlands,SA Edwards,SA Edwards,2022
PAK_NED,2,Pakistan,Babar Azam,Mohammad Rizwan,2022
PAK_NED,3,Pakistan,Babar Azam,Mohammad Haris,2022
PAK_NED,3,Netherlands,SA Edwards,SA Edwards,2022
NZ_WI,1,New Zealand,KS Williamson,TWM Latham,2022
NZ_WI,1,West Indies,N Pooran,SD Hope,2022
NZ_WI,2,New Zealand,TWM Latham,TWM Latham,2022
NZ_WI,2,West Indies,N Pooran,SD Hope,2022
NZ_WI,3,West Indies,N Pooran,SD Hope,2022
NZ_WI,3,New Zealand,TWM Latham,TWM Latham,2022
IND_ZIM,1,Zimbabwe,RW Chakabva,RW Chakabva,2022
IND_ZIM,1,India,KL Rahul,SV Samson,2022
IND_ZIM,2,Zimbabwe,RW Chakabva,RW Chakabva,2022
IND_ZIM,2,India,KL Rahul,SV Samson,2022
IND_ZIM,3,India,KL Rahul,Ishan Kishan,2022
IND_ZIM,3,Zimbabwe,RW Chakabva,RW Chakabva,2022
ZIM_AUS,1,Zimbabwe,RW Chakabva,RW Chakabva,2022
ZIM_AUS,1,Australia,AJ Finch,AT Carey,2022
ZIM_AUS,2,Zimbabwe,RW Chakabva,RW Chakabva,2022
ZIM_AUS,2,Australia,AJ Finch,AT Carey,2022
ZIM_AUS,3,Australia,AJ Finch,AT Carey,2022
ZIM_AUS,3,Zimbabwe,RW Chakabva,RW Chakabva,2022
NZ_AUS,1,New Zealand,KS Williamson,TWM Latham,2022
NZ_AUS,1,Australia,AJ Finch,AT Carey,2022
NZ_AUS,2,Australia,AJ Finch,AT Carey,2022
NZ_AUS,2,New Zealand,KS Williamson,TWM Latham,2022
NZ_AUS,3,Australia,AJ Finch,AT Carey,2022
NZ_AUS,3,New Zealand,KS Williamson,TWM Latham,2022
NED_SA,1,Netherlands,SA Edwards,SA Edwards,2022-23
NED_SA,1,South Africa,T Bavuma,Q de Kock,2022-23
NED_SA,2,South Africa,T Bavuma,Q de Kock,2022-23
NED_SA,2,Netherlands,SA Edwards,SA Edwards,2022-23
SA_IND,1,South Africa,T Bavuma,Q de Kock,2022-23
SA_IND,1,India,S Dhawan,SV Samson,2022-23
SA_IND,2,South Africa,KA Maharaj,Q de Kock,2022-23
SA_IND,2,India,S Dhawan,SV Samson,2022-23
SA_IND,3,South Africa,DA Miller,Q de Kock,2022-23
SA_IND,3,India,S Dhawan,SV Samson,2022-23
ENG_AUS,1,England,JC Buttler,JC Buttler,2022-23
ENG_AUS,1,Australia,PJ Cummins,AT Carey,2022-23
ENG_AUS,2,Australia,JR Hazlewood,AT Carey,2022-23
ENG_AUS,2,England,MM Ali,SW Billings,2022-23
ENG_AUS,3,Australia,PJ Cummins,AT Carey,2022-23
ENG_AUS,3,England,JC Buttler,JC Buttler,2022-23
AFG_SL,1,Afghanistan,Hashmatullah Shahidi,Rahmanullah Gurbaz,2022-23
AFG_SL,1,Sri Lanka,MD Shanaka,BKG Mendis,2022-23
AFG_SL,2,Afghanistan,Hashmatullah Shahidi,Rahmanullah Gurbaz,2022-23
AFG_SL,2,Sri Lanka,MD Shanaka,BKG Mendis,2022-23
AFG_SL,3,Afghanistan,Hashmatullah Shahidi,Rahmanullah Gurbaz,2022-23
AFG_SL,3,Sri Lanka,MD Shanaka,BKG Mendis,2022-23
IND_NZ,1,India,S Dhawan,RR Pant,2022-23
IND_NZ,1,New Zealand,KS Williamson,TWM Latham,2022-23
IND_NZ,2,India,S Dhawan,RR Pant,2022-23
IND_NZ,2,New Zealand,KS Williamson,TWM Latham,2022-23
IND_NZ,3,India,S Dhawan,RR Pant,2022-23
IND_NZ,3,New Zealand,KS Williamson,TWM Latham,2022-23
IND_BAN,1,India,RG Sharma,KL Rahul,2022-23
IND_BAN,1,Bangladesh,Liton Das,Mushfiqur Rahim,2022-23
IND_BAN,2,Bangladesh,Liton Das,Mushfiqur Rahim,2022-23
IND_BAN,2,India,RG Sharma,KL Rahul,2022-23
IND_BAN,3,India,KL Rahul,KL Rahul,2022-23
IND_BAN,3,Bangladesh,Liton Das,Mushfiqur Rahim,2022-23
SL_IND,1,India,RG Sharma,KL Rahul,2022-23
SL_IND,1,Sri Lanka,MD Shanaka,BKG Mendis,2022-23
SL_IND,2,Sri Lanka,MD Shanaka,BKG Mendis,2022-23
SL_IND,2,India,RG Sharma,KL Rahul,2022-23
SL_IND,3,India,RG Sharma,KL Rahul,2022-23
SL_IND,3,Sri Lanka,MD Shanaka,BKG Mendis,2022-23
NZ_IND,1,India,RG Sharma,Ishan Kishan,2022-23
NZ_IND,1,New Zealand,TWM Latham,TWM Latham,2022-23
NZ_IND,2,New Zealand,TWM Latham,TWM Latham,2022-23
NZ_IND,2,India,RG Sharma,Ishan Kishan,2022-23
NZ_IND,3,India,RG Sharma,Ishan Kishan,2022-23
NZ_IND,3,New Zealand,TWM Latham,TWM Latham,2022-23
ENG_SA,1,South Africa,T Bavuma,Q de Kock,2022-23
ENG_SA,1,England,JC Buttler,JC Buttler,2022-23
ENG_SA,2,England,JC Buttler,JC Buttler,2022-23
ENG_SA,2,South Africa,T Bavuma,Q de Kock,2022-23
ENG_SA,3,England,JC Buttler,JC Buttler,2022-23
ENG_SA,3,South Africa,T Bavuma,H Klaasen,2022-23
ENG_BAN,1,Bangladesh,Tamim Iqbal,Mushfiqur Rahim,2022-23
ENG_BAN,1,England,JC Buttler,JC Buttler,2022-23
ENG_BAN,2,England,JC Buttler,JC Buttler,2022-23
ENG_BAN,2,Bangladesh,Tamim Iqbal,Mushfiqur Rahim,2022-23
ENG_BAN,3,Bangladesh,Tamim Iqbal,Mushfiqur Rahim,2022-23
ENG_BAN,3,England,JC Buttler,JC Buttler,2022-23
WI_SA,1,West Indies,SD Hope,SD Hope,2022-23
WI_SA,1,South Africa,T Bavuma,Q de Kock,2022-23
WI_SA,2,West Indies,SD Hope,SD Hope,2022-23
WI_SA,2,South Africa,AK Markram,RD Rickelton,2022-23
AUS_IND,1,Australia,SPD Smith,JP Inglis,2022-23
AUS_IND,1,India,HH Pandya,KL Rahul,2022-23
AUS_IND,2,India,RG Sharma,KL Rahul,2022-23
AUS_IND,2,Australia,SPD Smith,AT Carey,2022-23
AUS_IND,3,Australia,SPD Smith,AT Carey,2022-23
AUS_IND,3,India,RG Sharma,KL Rahul,2022-23
IRE_BAN,1,Bangladesh,Tamim Iqbal,Mushfiqur Rahim,2022-23
IRE_BAN,1,Ireland,A Balbirnie,L Tucker,2022-23
IRE_BAN,2,Bangladesh,Tamim Iqbal,Mushfiqur Rahim,2022-23
IRE_BAN,2,Ireland,A Balbirnie,L Tucker,2022-23
IRE_BAN,3,Ireland,A Balbirnie,L Tucker,2022-23
IRE_BAN,3,Bangladesh,Tamim Iqbal,Mushfiqur Rahim,2022-23
NED_ZIM,1,Zimbabwe,CR Ervine,C Madande,2022-23
NED_ZIM,1,Netherlands,SA Edwards,SA Edwards,2022-23
NED_ZIM,2,Zimbabwe,CR Ervine,C Madande,2022-23
NED_ZIM,2,Netherlands,SA Edwards,SA Edwards,2022-23
NED_ZIM,3,Netherlands,SA Edwards,SA Edwards,2022-23
NED_ZIM,3,Zimbabwe,CR Ervine,C Madande,2022-23
SL_NZ,1,New Zealand,TWM Latham,TWM Latham,2022-23
SL_NZ,1,Sri Lanka,MD Shanaka,BKG Mendis,2022-23
SL_NZ,3,Sri Lanka,MD Shanaka,BKG Mendis,2022-23
SL_NZ,3,New Zealand,TWM Latham,TWM Latham,2022-23
NZ_PAK,1,New Zealand,TWM Latham,TWM Latham,2023
NZ_PAK,1,Pakistan,Babar Azam,Mohammad Rizwan,2023
NZ_PAK,2,New Zealand,TWM Latham,TWM Latham,2023
NZ_PAK,2,Pakistan,Babar Azam,Mohammad Rizwan,2023
NZ_PAK,3,Pakistan,Babar Azam,Mohammad Rizwan,2023
NZ_PAK,3,New Zealand,TWM Latham,TA Blundell,2023
NZ_PAK,4,Pakistan,Babar Azam,Mohammad Rizwan,2023
NZ_PAK,4,New Zealand,TWM Latham,TA Blundell,2023
NZ_PAK,5,New Zealand,TWM Latham,TA Blundell,2023
NZ_PAK,5,Pakistan,Babar Azam,Mohammad Rizwan,2023
IRE_BAN,1,Bangladesh,Tamim Iqbal,Mushfiqur Rahim,2023
IRE_BAN,1,Ireland,A Balbirnie,L Tucker,2023
IRE_BAN,2,Ireland,A Balbirnie,L Tucker,2023
IRE_BAN,2,Bangladesh,Tamim Iqbal,Mushfiqur Rahim,2023
IRE_BAN,3,Bangladesh,Tamim Iqbal,Mushfiqur Rahim,2023
IRE_BAN,3,Ireland,A Balbirnie,L Tucker,2023
AFG_SL,1,Sri Lanka,MD Shanaka,BKG Mendis,2023
AFG_SL,1,Afghanistan,Hashmatullah Shahidi,Rahmanullah Gurbaz,2023
AFG_SL,2,Sri Lanka,MD Shanaka,BKG Mendis,2023
AFG_SL,2,Afghanistan,Hashmatullah Shahidi,Rahmanullah Gurbaz,2023
AFG_SL,3,Afghanistan,Hashmatullah Shahidi,Rahmanullah Gurbaz,2023
AFG_SL,3,Sri Lanka,MD Shanaka,BKG Mendis,2023
WI_UAE,1,United Arab Emirates,Waseem Muhammad,A Sharma,2023
WI_UAE,1,West Indies,SD Hope,SD Hope,2023
WI_UAE,2,West Indies,SD Hope,SD Hope,2023
WI_UAE,2,United Arab Emirates,Waseem Muhammad,A Sharma,2023
WI_UAE,3,United Arab Emirates,Waseem Muhammad,V Aravind,2023
WI_UAE,3,West Indies,RL Chase,J Charles,2023
AFG_BAN,1,Bangladesh,Tamim Iqbal,Mushfiqur Rahim,2023
AFG_BAN,1,Afghanistan,Hashmatullah Shahidi,Rahmanullah Gurbaz,2023
AFG_BAN,2,Afghanistan,Hashmatullah Shahidi,Rahmanullah Gurbaz,2023
AFG_BAN,2,Bangladesh,Liton Das,Mushfiqur Rahim,2023
AFG_BAN,3,Afghanistan,Hashmatullah Shahidi,Rahmanullah Gurbaz,2023
AFG_BAN,3,Bangladesh,Liton Das,Mushfiqur Rahim,2023
IND_WI,1,West Indies,SD Hope,SD Hope,2023
IND_WI,1,India,RG Sharma,Ishan Kishan,2023
IND_WI,2,India,HH Pandya,Ishan Kishan,2023
IND_WI,2,West Indies,SD Hope,SD Hope,2023
IND_WI,3,India,HH Pandya,Ishan Kishan,2023
IND_WI,3,West Indies,SD Hope,SD Hope,2023
CWCQ,1,Nepal,RK Paudel,Aasif Sheikh,2023
CWCQ,1,Zimbabwe,CR Ervine,C Madande,2023
CWCQ,2,West Indies,SD Hope,SD Hope,2023
CWCQ,2,United States of America,MD Patel,MD Patel,2023
CWCQ,3,Sri Lanka,MD Shanaka,BKG Mendis,2023
CWCQ,3,United Arab Emirates,Waseem Muhammad,V Aravind,2023
CWCQ,4,Ireland,A Balbirnie,L Tucker,2023
CWCQ,4,Oman,Zeeshan Maqsood,Naseem Khushi,2023
CWCQ,5,Netherlands,SA Edwards,SA Edwards,2023
CWCQ,5,Zimbabwe,CR Ervine,C Madande,2023
CWCQ,6,United States of America,Aaron Jones,Shayan Jahangir,2023
CWCQ,6,Nepal,RK Paudel,Aasif Sheikh,2023
CWCQ,7,Ireland,A Balbirnie,L Tucker,2023
CWCQ,7,Scotland,RD Berrington,MH Cross,2023
CWCQ,8,United Arab Emirates,Waseem Muhammad,V Aravind,2023
CWCQ,8,Oman,Zeeshan Maqsood,Naseem Khushi,2023
CWCQ,9,West Indies,SD Hope,SD Hope,2023
CWCQ,9,Nepal,RK Paudel,Aasif Sheikh,2023
CWCQ,10,United States of America,Aaron Jones,Shayan Jahangir,2023
CWCQ,10,Netherlands,SA Edwards,SA Edwards,2023
CWCQ,11,Oman,Zeeshan Maqsood,Naseem Khushi,2023
CWCQ,11,Sri Lanka,MD Shanaka,BKG Mendis,2023
CWCQ,12,Scotland,RD Berrington,MH Cross,2023
CWCQ,12,United Arab Emirates,Waseem Muhammad,A Sharma,2023
CWCQ,13,Zimbabwe,CR Ervine,C Madande,2023
CWCQ,13,West Indies,SD Hope,SD Hope,2023
CWCQ,14,Nepal,RK Paudel,Aasif Sheikh,2023
CWCQ,14,Netherlands,SA Edwards,SA Edwards,2023
CWCQ,15,Sri Lanka,MD Shanaka,BKG Mendis,2023
CWCQ,15,Ireland,A Balbirnie,L Tucker,2023
CWCQ,16,Scotland,RD Berrington,MH Cross,2023
CWCQ,16,Oman,Zeeshan Maqsood,Naseem Khushi,2023
CWCQ,17,Zimbabwe,SC Williams,J Gumbie,2023
CWCQ,17,United States of America,MD Patel,MD Patel,2023
CWCQ,18,West Indies,SD Hope,SD Hope,2023
CWCQ,18,Netherlands,SA Edwards,SA Edwards,2023
CWCQ,19,Sri Lanka,MD Shanaka,BKG Mendis,2023
CWCQ,19,Scotland,RD Berrington,MH Cross,2023
CWCQ,20,Ireland,A Balbirnie,L Tucker,2023
CWCQ,20,United Arab Emirates,Waseem Muhammad,A Sharma,2023
CWCQ,21,Zimbabwe,CR Ervine,J Gumbie,2023
CWCQ,21,Oman,Zeeshan Maqsood,Naseem Khushi,2023
CWCQ,22,Sri Lanka,MD Shanaka,BKG Mendis,2023
CWCQ,22,Netherlands,SA Edwards,SA Edwards,2023
CWCQ,23,United States of America,MD Patel,MD Patel,2023
CWCQ,23,Ireland,A Balbirnie,L Tucker,2023
CWCQ,24,West Indies,SD Hope,SD Hope,2023
CWCQ,24,Scotland,RD Berrington,MH Cross,2023
CWCQ,25,Zimbabwe,CR Ervine,J Gumbie,2023
CWCQ,25,Sri Lanka,MD Shanaka,BKG Mendis,2023
CWCQ,26,United Arab Emirates,V Aravind,A Sharma,2023
CWCQ,26,Nepal,RK Paudel,A Saud,2023
CWCQ,27,Netherlands,SA Edwards,SA Edwards,2023
CWCQ,27,Oman,Aqib Ilyas,Suraj Kumar,2023
CWCQ,28,Scotland,RD Berrington,MH Cross,2023
CWCQ,28,Zimbabwe,CR Ervine,J Gumbie,2023
CWCQ,29,Nepal,RK Paudel,A Saud,2023
CWCQ,29,Ireland,A Balbirnie,L Tucker,2023
CWCQ,30,Oman,Aqib Ilyas,Suraj Kumar,2023
CWCQ,30,West Indies,SD Hope,SD Hope,2023
CWCQ,31,Scotland,RD Berrington,MH Cross,2023
CWCQ,31,Netherlands,SA Edwards,SA Edwards,2023
CWCQ,32,United Arab Emirates,V Aravind,A Sharma,2023
CWCQ,32,United States of America,MD Patel,MD Patel,2023
CWCQ,33,West Indies,SD Hope,SD Hope,2023
CWCQ,33,Sri Lanka,MD Shanaka,BKG Mendis,2023
CWCQ,34,Sri Lanka,MD Shanaka,BKG Mendis,2023
CWCQ,34,Netherlands,SA Edwards,SA Edwards,2023
