cricsheet_name,games,full name,bat_role_det,bat_role,bat_h,bowl_role_det,bowl_role,bowl_h,team,other
RG Sharma,38,Rohit Sharma,Top order batter,batter,right,right arm offbreak,spin,right,India,
S Dhawan,39,Shikhar Dhawan,Opening batter,batter,left,right arm offbreak,spin,right,India,
V Kohli,48,Virat Kohli,Top order batter,batter,right,right arm medium,pace,right,India,
SS Iyer,36,Shreyas Iyer,Top order batter,batter,right,right arm offbreak,spin,right,India,legbreak googly
KM Jadhav,14,Kedar Jadhav,Batting allrounder,allrounder,right,right arm offbreak,spin,right,India,
RR Pant,25,Rishabh Pant,Wicketkeeper batter,batter,left,,,,India,wk
RA Jadeja,26,Ravindra Jadeja,Allrounder,allrounder,left,slow left arm orthodox,spin,left,India,
B Kumar,16,Bhuvneshwar Kumar,Bowler,bowler,right,right arm medium,pace,right,India,
Kuldeep Yadav,40,Kuldeep Yadav,Bowler,bowler,left,left arm wrist spin,spin,left,India,
Mohammed Shami,27,Mohammed Shami,Bowler,bowler,right,right arm fast,pace,right,India,
KK Ahmed,3,Khaleel Ahmed,Bowler,bowler,right,left arm medium,pace,left,India,
YS Chahal,31,Yuzvendra Chahal,Bowler,bowler,right,right arm leg break,spin,right,India,
KL Rahul,40,KL Rahul,Wicketkeeper batter,batter,right,,,,India,wk
MS Dhoni,9,MS Dhoni,Wicketkeeper batter,batter,right,right arm medium,pace,right,India,wk
HH Pandya,32,Hardik Pandya,Allrounder,allrounder,right,right arm medium fast,pace,right,India,
JJ Bumrah,23,Jasprit Bumrah,Bowler,bowler,right,right arm medium,pace,right,India,
V Shankar,3,Vijay Shankar,Allrounder,allrounder,right,right arm medium,pace,right,India,
KD Karthik,3,Dinesh Karthik,Wicketkeeper batter,batter,right,right arm offbreak,spin,right,India,wk
SN Thakur,33,Shardul Thakur,Bowler,bowler,right,right arm medium,pace,right,India,
MK Pandey,6,Manish Pandey,Top order batter,batter,right,right arm medium,pace,right,India,
Navdeep Saini,8,Navdeep Saini,Bowler,bowler,right,right arm fast,pace,right,India,
PP Shaw,6,Prithvi Shaw,Opening batter,batter,right,right arm offbreak,spin,right,India,
MA Agarwal,5,Mayank Agarwal,Batter,batter,right,right arm offbreak,spin,right,India,
S Dube,1,Shivam Dube,Allrounder,allrounder,left,right arm medium,pace,right,India,
DL Chahar,12,Deepak Chahar,Bowler,bowler,right,right arm medium,pace,right,India,
KH Pandya,5,Krunal Pandya,Allrounder,allrounder,left,slow left arm orthodox,spin,left,India,
M Prasidh Krishna,14,Prasidh Krishna,Bowler,bowler,right,right arm fast medium,pace,right,India,
T Natarajan,2,T Natarajan,Bowler,bowler,left,left arm medium,pace,left,India,
Shubman Gill,25,Shubman Gill,Opening batter,batter,right,right arm offbreak,spin,right,India,
Ishan Kishan,17,Ishan Kishan,Wicketkeeper batter,batter,left,,,,India,wk
SA Yadav,26,Suryakumar Yadav,Batter,batter,right,right arm medium,pace,right,India,
SV Samson,13,Sanju Samson,Wicketkeeper batter,batter,right,,,,India,wk
N Rana,1,Nitish Rana,Middle order batter,batter,left,right arm offbreak,spin,right,India,
K Gowtham,1,Krishnappa Gowtham,Bowling allrounder,allrounder,right,right arm offbreak,spin,right,India,
RD Chahar,1,Rahul Chahar,Bowler,bowler,right,legbreak googly,spin,right,India,
C Sakariya,1,Chetan Sakariya,Bowler,bowler,left,left arm medium fast,pace,left,India,
VR Iyer,2,Venkatesh Iyer,Allrounder,allrounder,left,right arm medium,pace,right,India,
R Ashwin,2,Ravichandran Ashwin,Bowling allrounder,allrounder,right,right arm offbreak,spin,right,India,
J Yadav,1,Jayant Yadav,Bowler,bowler,right,right arm offbreak,spin,right,India,
DJ Hooda,10,Deepak Hooda,Allrounder,allrounder,right,right arm offbreak,spin,right,India,
Washington Sundar,15,Washington Sundar,Bowling allrounder,allrounder,left,right arm offbreak,spin,right,India,
Mohammed Siraj,23,Mohammed Siraj,Bowler,bowler,right,right arm fast,pace,right,India,
AR Patel,14,Axar Patel,Bowling allrounder,allrounder,left,slow left arm orthodox,spin,left,India,
Avesh Khan,5,Avesh Khan,Bowler,bowler,right,right arm fast medium,pace,right,India,
Shahbaz Ahmed,3,Shahbaz Ahmed,Allrounder,allrounder,left,slow left arm orthodox,spin,left,India,
KR Sen,1,Kuldeep Sen,Bowler,bowler,right,right arm fast,pace,right,India,
Umran Malik,10,Umran Malik,Bowler,bowler,right,right arm fast,pace,right,India,
Arshdeep Singh,3,Arshdeep Singh,Bowler,bowler,left,left arm medium fast,pace,left,India,
RD Gaikwad,2,Ruturaj Gaikwad,Batter,batter,right,right arm offbreak,spin,right,India,
Ravi Bishnoi,1,Ravi Bishnoi,Bowler,bowler,right,legbreak googly,spin,right,India,
Mukesh Kumar,3,Mukesh Kumar,Bowler,bowler,right,right arm medium,pace,right,India,
JD Unadkat,1,Jaydev Unadkat,Bowler,bowler,right,left arm medium,pace,left,India,
WIA Fernando,23,Avishka Fernando,Opening batter,batter,right,right arm medium fast,pace,right,Sri Lanka,
FDM Karunaratne,26,Dimuth Karunaratne,Opening batter,batter,left,right arm medium,pace,right,Sri Lanka,
MDKJ Perera,19,Kusal Perera,Wicketkeeper batter,batter,left,,,,Sri Lanka,wk
BKG Mendis,43,Kusal Mendis,Wicketkeeper batter,batter,right,legbreak,spin,right,Sri Lanka,wk
AD Mathews,17,Angelo Mathews,Allrounder,allrounder,right,right arm medium,pace,right,Sri Lanka,
HDRL Thirimanne,9,Lahiru Thirimanne,Top order batter,batter,left,right arm medium fast,pace,right,Sri Lanka,
NLTC Perera,12,Thisara Perera,Bowling allrounder,allrounder,left,right arm medium fast,pace,right,Sri Lanka,
DM de Silva,43,Dhananjaya de Silva,Allrounder,allrounder,right,right arm offbreak,spin,right,Sri Lanka,
SL Malinga,8,Lasith Malinga,Bowler,bowler,right,right arm fast,pace,right,Sri Lanka,
N Pradeep,14,Nuwan Pradeep,Bowler,bowler,right,right arm fast medium,pace,right,Sri Lanka,
CBRLS Kumara,18,Lahiru Kumara,Bowler,bowler,left,right arm fast,pace,right,Sri Lanka,
A Dananjaya,5,Akila Dananjaya,Allrounder,allrounder,left,right arm offbreak,spin,right,Sri Lanka,legbreak
I Udana,15,Isuru Udana,Allrounder,allrounder,right,left arm medium fast,pace,left,Sri Lanka,
MD Shanaka,42,Dasun Shanaka,Allrounder,allrounder,right,right arm medium,pace,right,Sri Lanka,
GSNFG Jayasuriya,3,Shehan Jayasuriya,Batting allrounder,allrounder,left,right arm offbreak,spin,right,Sri Lanka,
PWH de Silva,39,Wanindu Hasaranga,Allrounder,allrounder,right,legbreak,spin,right,Sri Lanka,
CAK Rajitha,18,Kasun Rajitha,Bowler,bowler,right,right arm medium fast,pace,right,Sri Lanka,
BMAJ Mendis,3,Jeevan Mendis,Allrounder,allrounder,left,legbreak,spin,right,Sri Lanka,
RAS Lakmal,4,Suranga Lakmal,Bowler,bowler,right,right arm fast medium,pace,right,Sri Lanka,
TAM Siriwardana,1,Milinda Siriwardana,Allrounder,allrounder,left,slow left arm orthodox,spin,left,Sri Lanka,
JDF Vandersay,9,Jeffrey Vandersay,Bowler,bowler,right,legbreak,spin,right,Sri Lanka,
MD Gunathilaka,11,Danushka Gunathilaka,Allrounder,allrounder,left,right arm offbreak,spin,right,Sri Lanka,
S Samarawickrama,11,Sadeera Samarawickrama,Wicketkeeper batter,batter,right,,,,Sri Lanka,wk
BOP Fernando,3,Oshada Fernando,Top order batter,batter,right,legbreak,spin,right,Sri Lanka,
AK Perera,1,Angelo Perera,Allrounder,allrounder,right,slow left arm orthodox,spin,left,Sri Lanka,
M Bhanuka,6,Minod Bhanuka,Top order batter,batter,left,,,,Sri Lanka,wk
PADLR Sandakan,11,Lakshan Sandakan,Bowler,bowler,right,left arm wrist spin,spin,left,Sri Lanka,
P Nissanka,34,Pathum Nissanka,Top order batter,batter,right,,,,Sri Lanka,
LD Chandimal,11,Dinesh Chandimal,Wicketkeeper batter,batter,right,right arm offbreak,spin,right,Sri Lanka,wk
KNA Bandara,6,Ashen Bandara,Middle order batter,batter,right,legbreak,spin,right,Sri Lanka,
PHKD Mendis,5,Kamindu Mendis,Allrounder,allrounder,left,right arm offbreak,spin,both,Sri Lanka,slow left arm orthodox
PVD Chameera,21,Dushmantha Chameera,Bowler,bowler,right,right arm fast,pace,right,Sri Lanka,
AM Fernando,4,Asitha Fernando,Bowler,bowler,right,right arm medium fast,pace,right,Sri Lanka,
PBB Rajapaksa,5,Bhanuka Rajapaksa,Top order batter,batter,left,right arm medium,pace,right,Sri Lanka,
KIC Asalanka,35,Charith Asalanka,Batting allrounder,allrounder,left,right arm offbreak,spin,right,Sri Lanka,
C Karunaratne,23,Chamika Karunaratne,Bowling allrounder,allrounder,right,right arm medium fast,pace,right,Sri Lanka,
RTM Mendis,4,Ramesh Mendis,Allrounder,allrounder,right,right arm offbreak,spin,right,Sri Lanka,
P Jayawickrama,5,Praveen Jayawickrama,Bowler,bowler,right,slow left arm orthodox,spin,left,Sri Lanka,
M Theekshana,22,Maheesh Theekshana,Bowler,bowler,right,right arm offbreak,spin,right,Sri Lanka,
N Dickwella,3,Niroshan Dickwella,Wicketkeeper batter,batter,left,,,,Sri Lanka,wk
B Fernando,4,Binura Fernando,Bowler,bowler,right,left arm medium fast,pace,left,Sri Lanka,
D Lakshan,3,Dhananjaya Lakshan,Batting allrounder,allrounder,left,right arm medium fast,pace,right,Sri Lanka,
C Gunasekara,1,Chamika Gunasekara,Bowler,bowler,right,right arm medium fast,pace,right,Sri Lanka,
DN Wellalage,9,Dunith Wellalage,Bowler,bowler,left,slow left arm orthodox,spin,left,Sri Lanka,
PM Liyanagamage,1,Pramod Madushan,Bowler,bowler,right,right arm medium fast,pace,right,Sri Lanka,
D Madushanka,6,Dilshan Madushanka,Bowler,bowler,right,left arm fast medium,pace,left,Sri Lanka,
MNK Fernando,4,Nuwanidu Fernando,Batter,batter,right,right arm offbreak,spin,right,Sri Lanka,
MADI Hemantha,2,Dushan Hemantha,Allrounder,allrounder,right,legbreak,spin,right,Sri Lanka,
M Pathirana,4,Matheesha Pathirana,Bowler,bowler,right,right arm fast,pace,right,Sri Lanka,
SSD Arachchige,2,Sahan Arachchige,Top order batter,batter,left,right arm offbreak,spin,right,Sri Lanka,
TS Kamunhukamwe,4,Tinashe Kamunhukamwe,Opening batter,batter,right,right arm offbreak,spin,right,Zimbabwe,
CJ Chibhabha,6,Chamu Chibhabha,Top order batter,batter,right,right arm medium,pace,right,Zimbabwe,
RW Chakabva,23,Regis Chakabva,Wicketkeeper batter,batter,right,right arm offbreak,spin,right,Zimbabwe,wk
BRM Taylor,12,Brendan Taylor,Wicketkeeper batter,batter,right,right arm offbreak,spin,right,Zimbabwe,wk
W Madhevere,36,Wessly Madhevere,Allrounder,allrounder,right,right arm offbreak,spin,right,Zimbabwe,
Sikandar Raza,39,Sikandar Raza,Batting allrounder,allrounder,right,right arm offbreak,spin,right,Zimbabwe,
R Mutumbami,3,Richmond Mutumbami,Wicketkeeper batter,batter,right,right arm offbreak,spin,right,Zimbabwe,wk
CT Mutombodzi,3,Tinotenda Mutombodzi,Allrounder,allrounder,right,legbreak googly,spin,right,Zimbabwe,
DT Tiripano,7,Donald Tiripano,Bowler,bowler,right,right arm fast medium,pace,right,Zimbabwe,
CT Mumba,5,Carl Mumba,Allrounder,allrounder,right,right arm fast medium,pace,right,Zimbabwe,
CB Mpofu,1,Chris Mpofu,Bowler,bowler,right,right arm fast medium,pace,right,Zimbabwe,
SC Williams,25,Sean Williams,Middle order batter,batter,left,slow left arm orthodox,spin,left,Zimbabwe,
CK Tshuma,2,Charlton Tshuma,Bowler,bowler,right,right arm fast medium,pace,right,Zimbabwe,
BB Chari,3,Brian Chari,Opening batter,batter,right,right arm offbreak,spin,right,Zimbabwe,
CR Ervine,23,Craig Ervine,Middle order batter,batter,left,right arm offbreak,spin,right,Zimbabwe,
TS Chisoro,3,Tendai Chisoro,Bowler,bowler,left,slow left arm orthodox,spin,left,Zimbabwe,
R Ngarava,30,Richard Ngarava,Bowler,bowler,left,left arm fast medium,pace,left,Zimbabwe,
B Muzarabani,24,Blessing Muzarabani,Bowler,bowler,right,right arm fast medium,pace,right,Zimbabwe,
T Marumani,12,Tadiwanashe Marumani,Top order batter,batter,left,right arm offbreak,spin,right,Zimbabwe,
D Myers,5,Dion Myers,Top order batter,batter,right,right arm medium,pace,right,Zimbabwe,
RP Burl,29,Ryan Burl,Middle order batter,batter,left,legbreak,spin,right,Zimbabwe,
LM Jongwe,18,Luke Jongwe,Allrounder,allrounder,right,right arm fast medium,pace,right,Zimbabwe,
TL Chatara,17,Tendai Chatara,Bowler,bowler,right,right arm fast medium,pace,right,Zimbabwe,
T Maruma,1,Timycen Maruma,Top order batter,batter,right,legbreak googly,spin,right,Zimbabwe,
WP Masakadza,18,Wellington Masakadza,Bowler,bowler,left,slow left arm orthodox,spin,left,Zimbabwe,
M Shumba,6,Milton Shumba,Top order batter,batter,left,slow left arm orthodox,spin,left,Zimbabwe,
T Kaitano,8,Takudzwanashe Kaitano,Opening batter,batter,right,right arm offbreak,spin,right,Zimbabwe,
I Kaia,17,Innocent Kaia,Opening batter,batter,right,legbreak,spin,right,Zimbabwe,
TL Chivanga,5,Tanaka Chivanga,Bowler,bowler,right,right arm fast,pace,right,Zimbabwe,
TK Musakanda,1,Tarisai Musakanda,Top order batter,batter,right,right arm fast medium,pace,right,Zimbabwe,
VM Nyauchi,10,Victor Nyauchi,Bowler,bowler,right,right arm fast medium,pace,right,Zimbabwe,
T Munyonga,6,Tony Munyonga,Allrounder,allrounder,right,right arm offbreak,spin,right,Zimbabwe,
B Evans,15,Brad Evans,Allrounder,allrounder,right,right arm fast,pace,right,Zimbabwe,
C Madande,9,Clive Madande,Wicketkeeper batter,batter,right,,,,Zimbabwe,wk
GS Ballance,5,Gary Ballance,Middle order batter,batter,left,legbreak,spin,right,Zimbabwe,
B Mavuta,2,Brandon Mavuta,Allrounder,allrounder,right,legbreak,spin,right,Zimbabwe,
J Gumbie,7,Joylord Gumbie,Wicketkeeper batter,batter,right,,,,Zimbabwe,wk
CH Gayle,12,Chris Gayle,Allrounder,allrounder,left,right arm offbreak,spin,right,West Indies,
E Lewis,22,Evin Lewis,Opening batter,batter,left,,,,West Indies,
SD Hope,64,Shai Hope,Wicketkeeper batter,batter,right,,,,West Indies,wk
SO Hetmyer,25,Shimron Hetmyer,Top order batter,batter,left,,,,West Indies,
N Pooran,60,Nicholas Pooran,Wicketkeeper batter,batter,left,right arm offbreak,spin,right,West Indies,wk
RL Chase,26,Roston Chase,Allrounder,allrounder,right,right arm offbreak,spin,right,West Indies,
JO Holder,43,Jason Holder,Bowling allrounder,allrounder,right,right arm medium fast,pace,right,West Indies,
FA Allen,13,Fabian Allen,Bowling allrounder,allrounder,right,slow left arm orthodox,spin,left,West Indies,
CR Brathwaite,11,Carlos Brathwaite,Allrounder,allrounder,right,right arm fast medium,pace,right,West Indies,
KAJ Roach,10,Kemar Roach,Bowler,bowler,right,right arm fast medium,pace,right,West Indies,
SS Cottrell,24,Sheldon Cottrell,Bowler,bowler,right,left arm fast medium,pace,left,West Indies,
O Thomas,11,Oshane Thomas,Bowler,bowler,left,right arm fast,pace,right,West Indies,
KMA Paul,19,Keemo Paul,Allrounder,allrounder,right,right arm fast medium,pace,right,West Indies,
DM Bravo,15,Darren Bravo,Top order batter,batter,left,right arm medium,pace,right,West Indies,wk
AD Russell,4,Andre Russell,Allrounder,allrounder,right,right arm fast,pace,right,West Indies,
AR Nurse,4,Ashley Nurse,Bowler,bowler,right,right arm offbreak,spin,right,West Indies,
ST Gabriel,3,Shannon Gabriel,Bowler,bowler,right,right arm fast,pace,right,West Indies,
SW Ambris,10,Sunil Ambris,Opening batter,batter,right,,,,West Indies,
KA Pollard,22,Kieron Pollard,Batting allrounder,allrounder,right,right arm medium,pace,right,West Indies,
R Shepherd,25,Romario Shepherd,Bowling allrounder,allrounder,right,right arm fast medium,pace,right,West Indies,
HR Walsh,21,Hayden Walsh,Bowler,bowler,left,legbreak googly,spin,right,West Indies,
AS Joseph,47,Alzarri Joseph,Bowler,bowler,right,right arm fast,pace,right,West Indies,
BA King,34,Brandon King,Top order batter,batter,right,,,,West Indies,
K Pierre,3,Khary Pierre,Allrounder,allrounder,left,slow left arm orthodox,spin,left,West Indies,
JN Mohammed,8,Jason Mohammed,Middle order batter,batter,right,right arm offbreak,spin,right,West Indies,
AJ Hosein,38,Akeal Hosein,Bowler,bowler,left,slow left arm orthodox,spin,left,West Indies,
A Phillip,5,Anderson Phillip,Bowler,bowler,right,right arm fast medium,pace,right,West Indies,
J Da Silva,2,Joshua da Silva,Wicketkeeper batter,batter,right,,,,West Indies,wk
AM McCarthy,2,Andre McCarthy,Middle order batter,batter,right,right arm offbreak,spin,right,West Indies,
KR Mayers,28,Kyle Mayers,Batting allrounder,allrounder,left,right arm medium,pace,right,West Indies,
NE Bonner,6,Nkrumah Bonner,Middle order batter,batter,right,legbreak,spin,right,West Indies,
R Powell,17,Rovman Powell,Middle order batter,batter,right,right arm medium fast,pace,right,West Indies,
RA Reifer,4,Raymon Reifer,Allrounder,allrounder,left,left arm medium fast,pace,left,West Indies,
CK Holder,1,Chemar Holder,Bowler,bowler,right,right arm fast,pace,right,West Indies,
KY Ottley,2,Kjorn Ottley,Opening batter,batter,left,right arm offbreak,spin,right,West Indies,
JN Hamilton,1,Jahmar Hamilton,Wicketkeeper batter,batter,right,,,,West Indies,wk
KJ Harding,1,Keon Harding,Bowler,bowler,right,right arm fast medium,pace,right,West Indies,
JP Greaves,3,Justin Greaves,Allrounder,allrounder,right,right arm medium,pace,right,West Indies,
SSJ Brooks,29,Shamarh Brooks,Top order batter,batter,right,legbreak,spin,right,West Indies,
OF Smith,9,Odean Smith,Bowling allrounder,allrounder,right,right arm fast medium,pace,right,West Indies,
JNT Seales,10,Jayden Seales,Bowler,bowler,left,right arm fast medium,pace,right,West Indies,
G Motie,7,Gudakesh Motie,Bowler,bowler,left,slow left arm orthodox,spin,left,West Indies,
KU Carty,16,Keacy Carty,Batter,batter,right,right arm medium,pace,right,West Indies,
J Blackwood,1,Jermaine Blackwood,Middle order batter,batter,right,right arm offbreak,spin,right,West Indies,
K Sinclair,7,Kevin Sinclair,Bowler,bowler,right,right arm offbreak,spin,right,West Indies,
Y Cariah,11,Yannic Cariah,Bowler,bowler,left,legbreak,spin,right,West Indies,
SH Lewis,1,Shermon Lewis,Bowler,bowler,right,right arm fast,pace,right,West Indies,
J Charles,10,Johnson Charles,Wicketkeeper batter,batter,right,,,,West Indies,wk
A Athanaze,4,Alick Athanaze,Batting allrounder,allrounder,left,right arm offbreak,spin,right,West Indies,
DC Drakes,3,Dominic Drakes,Bowling allrounder,allrounder,left,left arm medium fast,pace,left,West Indies,
KAR Hodge,3,Kavem Hodge,Allrounder,allrounder,right,slow left arm orthodox,spin,left,West Indies,
Akeem Jordan,2,Akeem Jordan,Bowler,bowler,right,right arm fast medium,pace,right,West Indies,
PR Stirling,40,Paul Stirling,Batting allrounder,allrounder,right,right arm offbreak,spin,right,Ireland,
GJ Delany,21,Gareth Delany,Batting allrounder,allrounder,right,legbreak googly,spin,right,Ireland,
A Balbirnie,37,Andy Balbirnie,Batter,batter,right,right arm offbreak,spin,right,Ireland,
WTS Porterfield,12,William Porterfield,Batter,batter,left,right arm offbreak,spin,right,Ireland,
KJ O'Brien,11,Kevin O'Brien,Batting allrounder,allrounder,right,right arm medium fast,pace,right,Ireland,
L Tucker,39,Lorcan Tucker,Wicketkeeper batter,batter,right,,,,Ireland,wk
Simi Singh,20,Simi Singh,Bowling allrounder,allrounder,right,right arm offbreak,spin,right,Ireland,legbreak googly
MR Adair,32,Mark Adair,Bowling allrounder,allrounder,right,right arm fast medium,pace,right,Ireland,
AR McBrine,40,Andy McBrine,Bowling allrounder,allrounder,left,right arm offbreak,spin,right,Ireland,
BJ McCarthy,15,Barry McCarthy,Bowler,bowler,right,right arm fast medium,pace,right,Ireland,
WB Rankin,2,Boyd Rankin,Bowler,bowler,left,right arm fast medium,pace,right,Ireland,
JA McCollum,2,James McCollum,Opening batter,batter,right,right arm medium,pace,right,Ireland,
CA Young,26,Craig Young,Bowler,bowler,right,right arm fast medium,pace,right,Ireland,
HT Tector,38,Harry Tector,Middle order batter,batter,right,right arm offbreak,spin,right,Ireland,
C Campher,30,Curtis Campher,Allrounder,allrounder,right,right arm medium fast,pace,right,Ireland,
J Little,28,Josh Little,Bowler,bowler,right,left arm fast medium,pace,left,Ireland,
GH Dockrell,30,George Dockrell,Allrounder,allrounder,right,slow left arm orthodox,spin,left,Ireland,
SC Getkate,1,Shane Getkate,Allrounder,allrounder,right,right arm medium fast,pace,right,Ireland,
NA Rock,3,Neil Rock,Wicketkeeper batter,batter,left,,,,Ireland,wk
GI Hume,10,Graham Hume,Bowler,bowler,left,right arm fast medium,pace,right,Ireland,
ST Doheny,9,Stephen Doheny,Opening batter,batter,right,,,,Ireland,
MJ Humphreys,2,Matthew Humphreys,Bowler,bowler,right,slow left arm orthodox,spin,left,Ireland,
M Commins,2,Murray Commins,Batter,batter,left,,,,Ireland,
B White,2,Ben White,Bowler,bowler,right,legbreak,spin,right,Ireland,
SR Taylor,5,Steven Taylor,Opening batter,batter,left,right arm offbreak,spin,right,USA,
SJ Modani,6,Sushant Modani,Opening batter,batter,right,right arm offbreak,spin,right,USA,
MD Patel,4,Monank Patel,Wicketkeeper batter,batter,right,,,,USA,wk
Aaron Jones,5,Aaron Jones,Top order batter,batter,right,legbreak googly,spin,right,USA,
SR Mukkamalla,5,Saiteja Mukkamalla,Opening batter,batter,right,right arm offbreak,spin,right,USA,
G Singh,6,Gajanand Singh,Middle order batter,batter,left,right arm offbreak,spin,right,USA,
Shayan Jahangir,5,Shayan Jahangir,Batter,batter,right,right arm medium fast,pace,right,USA,
Jasdeep Singh,5,Jessy Singh,Bowler,bowler,right,right arm medium,pace,right,USA,
NP Kenjige,6,Nosthush Kenjige,Bowler,bowler,right,slow left arm orthodox,spin,left,USA,
K Phillip,2,Kyle Phillip,Bowler,bowler,right,right arm fast medium,pace,right,USA,
SN Netravalkar,5,Saurabh Netravalkar,Bowler,bowler,right,left arm fast medium,pace,left,USA,
NK Patel,5,Nisarg Patel,Allrounder,allrounder,right,slow left arm orthodox,spin,left,USA,
Ali Khan,3,Ali Khan,Bowler,bowler,right,right arm fast medium,pace,right,USA,
AA Paradkar,2,Abhishek Paradkar,Bowler,bowler,left,left arm medium,pace,left,USA,
Usman Rafiq,2,Usman Rafiq,Bowler,bowler,right,right arm offbreak,spin,right,USA,
K Bhurtel,6,Kushal Bhurtel,Opening batter,batter,right,legbreak googly,spin,right,Nepal,
Aasif Sheikh,4,Aasif Sheikh,Wicketkeeper batter,batter,right,,,,Nepal,wk
Kushal Malla,5,Kushal Malla,Batting allrounder,allrounder,left,slow left arm orthodox,spin,left,Nepal,
RK Paudel,6,Rohit Paudel,Batting allrounder,allrounder,right,right arm offbreak,spin,right,Nepal,
Aarif Sheikh,5,Aarif Sheikh,Top order batter,batter,right,right arm medium,pace,right,Nepal,
Gulsan Jha,6,Gulsan Jha,Bowler,bowler,left,right arm medium,pace,right,Nepal,
DS Airee,6,Dipendra Singh Airee,Middle order batter,batter,right,right arm medium,pace,right,Nepal,
B Sharki,6,Bhim Sharki,Middle order batter,batter,right,right arm offbreak,spin,right,Nepal,
Karan KC,6,Karan KC,Allrounder,allrounder,right,right arm fast,pace,right,Nepal,
Sompal Kami,1,Sompal Kami,Bowling allrounder,allrounder,right,right arm fast medium,pace,right,Nepal,
S Lamichhane,6,Sandeep Lamichhane,Bowler,bowler,right,legbreak googly,spin,right,Nepal,
LN Rajbanshi,3,Lalit Rajbanshi,Bowler,bowler,right,slow left arm orthodox,spin,left,Nepal,
A Saud,2,Arjun Saud,Wicketkeeper batter,batter,right,,,,Nepal,wk
G Malla,2,Gyanendra Malla,Top order batter,batter,right,,,,Nepal,
Pratis GC,1,Pratis GC,Bowling allrounder,allrounder,right,left arm medium,pace,left,Nepal,
K Mahato,1,Kishore Mahato,Bowler,bowler,right,right arm medium fast,pace,right,Nepal,
MJ Guptill,29,Martin Guptill,Opening batter,batter,right,right arm offbreak,spin,right,New Zealand,
C Munro,6,Colin Munro,Opening batter,batter,left,right arm medium fast,pace,right,New Zealand,
KS Williamson,22,Kane Williamson,Top order batter,batter,right,right arm offbreak,spin,right,New Zealand,
LRPL Taylor,18,Ross Taylor,Middle order batter,batter,right,right arm offbreak,spin,right,New Zealand,
TWM Latham,45,Tom Latham,Wicketkeeper batter,batter,left,right arm medium,pace,right,New Zealand,wk
JDS Neesham,24,James Neesham,Batting allrounder,allrounder,left,right arm medium fast,pace,right,New Zealand,
C de Grandhomme,17,Colin de Grandhomme,Allrounder,allrounder,right,right arm medium fast,pace,right,New Zealand,
MJ Santner,34,Mitchell Santner,Bowling allrounder,allrounder,left,slow left arm orthodox,spin,left,New Zealand,
MJ Henry,29,Matt Henry,Bowler,bowler,right,right arm fast medium,pace,right,New Zealand,
LH Ferguson,26,Lockie Ferguson,Bowler,bowler,right,right arm fast,pace,right,New Zealand,
TA Boult,20,Trent Boult,Bowler,bowler,right,left arm fast medium,pace,left,New Zealand,
HM Nicholls,25,Henry Nicholls,Top order batter,batter,left,right arm offbreak,spin,right,New Zealand,
IS Sodhi,16,Ish Sodhi,Bowler,bowler,right,legbreak,spin,right,New Zealand,
TG Southee,15,Tim Southee,Bowler,bowler,right,right arm medium fast,pace,right,New Zealand,
TA Blundell,6,Tom Blundell,Wicketkeeper batter,batter,right,right arm offbreak,spin,right,New Zealand,wk
HK Bennett,3,Hamish Bennett,Bowler,bowler,left,right arm medium fast,pace,right,New Zealand,
MS Chapman,7,Mark Chapman,Allrounder,allrounder,left,slow left arm orthodox,spin,left,New Zealand,
KA Jamieson,8,Kyle Jamieson,Bowler,bowler,right,right arm fast medium,pace,right,New Zealand,
DP Conway,18,Devon Conway,Wicketkeeper batter,batter,left,right arm medium,pace,right,New Zealand,wk
WA Young,15,Will Young,Top order batter,batter,right,right arm offbreak,spin,right,New Zealand,
DJ Mitchell,25,Daryl Mitchell,Batting allrounder,allrounder,right,right arm medium,pace,right,New Zealand,
MG Bracewell,19,Michael Bracewell,Batting allrounder,allrounder,left,right arm offbreak,spin,right,New Zealand,
BM Tickner,13,Blair Tickner,Bowler,bowler,right,right arm medium fast,pace,right,New Zealand,
DAJ Bracewell,2,Doug Bracewell,Bowler,bowler,right,right arm fast medium,pace,right,New Zealand,
FH Allen,18,Finn Allen,Top order batter,batter,right,,,,New Zealand,wk
GD Phillips,16,Glenn Phillips,Wicketkeeper batter,batter,right,right arm offbreak,spin,right,New Zealand,wk
JA Duffy,3,Jacob Duffy,Bowler,bowler,right,right arm fast medium,pace,right,New Zealand,
D Cleaver,1,Dane Cleaver,Wicketkeeper batter,batter,right,legbreak,spin,right,New Zealand,wk
AF Milne,5,Adam Milne,Bowler,bowler,right,right arm fast,pace,right,New Zealand,
HB Shipley,8,Henry Shipley,Bowler,bowler,right,right arm medium fast,pace,right,New Zealand,
CJ Bowes,4,Chad Bowes,Top order batter,batter,right,right arm medium,pace,right,New Zealand,
R Ravindra,5,Rachin Ravindra,Batting allrounder,allrounder,left,slow left arm orthodox,spin,left,New Zealand,
CE McConchie,3,Cole McConchie,Allrounder,allrounder,right,right arm offbreak,spin,right,New Zealand,
BG Lister,1,Ben Lister,Bowler,bowler,right,left arm medium,pace,left,New Zealand,
SJ Myburgh,7,Stephan Myburgh,Opening batter,batter,left,right arm offbreak,spin,right,Netherlands,
MP O'Dowd,29,Max O'Dowd,Opening batter,batter,right,right arm offbreak,spin,right,Netherlands,
BN Cooper,3,Ben Cooper,Middle order batter,batter,left,right arm medium,pace,right,Netherlands,
BFW de Leede,26,Bas de Leede,Batting allrounder,allrounder,right,right arm fast medium,pace,right,Netherlands,
PM Seelaar,14,Pieter Seelaar,Allrounder,allrounder,right,slow left arm orthodox,spin,left,Netherlands,
SA Edwards,32,Scott Edwards,Wicketkeeper batter,batter,right,,,,Netherlands,wk
Saqib Zulfiqar,11,Saqib Zulfiqar,Bowling allrounder,allrounder,right,legbreak,spin,right,Netherlands,
LV van Beek,23,Logan van Beek,Bowler,bowler,right,right arm medium fast,pace,right,Netherlands,
T van der Gugten,4,Timm van der Gugten,Bowler,bowler,right,right arm fast medium,pace,right,Netherlands,
FJ Klaassen,15,Fred Klaassen,Bowler,bowler,right,left arm fast medium,pace,left,Netherlands,
BD Glover,8,Brandon Glover,Bowler,bowler,right,right arm fast,pace,right,Netherlands,
Musa Ahmed,13,Musa Ahmed,Opening batter,batter,left,legbreak,spin,right,Netherlands,
VJ Kingma,13,Vivian Kingma,Bowler,bowler,right,right arm medium fast,pace,right,Netherlands,
Vikramjit Singh,25,Vikramjit Singh,Opening batter,batter,left,right arm medium,pace,right,Netherlands,
MJG Rippon,3,Michael Rippon,Allrounder,allrounder,right,left arm wrist spin,spin,left,Netherlands,
PRP Boissevain,5,Philippe Boissevain,Bowler,bowler,right,legbreak googly,spin,right,Netherlands,
A Dutt,23,Aryan Dutt,Bowler,bowler,right,right arm offbreak,spin,right,Netherlands,
C Floyd,9,Clayton Floyd,Bowler,bowler,right,slow left arm orthodox,spin,left,Netherlands,
CN Ackermann,7,Colin Ackermann,Batting allrounder,allrounder,right,right arm offbreak,spin,right,Netherlands,
RE van der Merwe,1,Roelof van der Merwe,Bowling allrounder,allrounder,right,slow left arm orthodox,spin,left,Netherlands,
BHG Gorlee,3,Boris Gorlee,Batting allrounder,allrounder,right,right arm offbreak,spin,right,Netherlands,
R Klein,12,Ryan Klein,Bowler,bowler,right,right arm medium fast,pace,right,Netherlands,
TLW Cooper,9,Tom Cooper,Middle order batter,batter,right,right arm offbreak,spin,right,Netherlands,
S Snater,2,Shane Snater,Bowler,bowler,right,right arm fast medium,pace,right,Netherlands,
AT Nidamanuru,20,Teja Nidamanuru,Allrounder,allrounder,right,right arm offbreak,spin,right,Netherlands,
TJG Pringle,4,Tim Pringle,Allrounder,allrounder,right,slow left arm orthodox,spin,left,Netherlands,
PA van Meekeren,6,Paul van Meekeren,Bowler,bowler,right,right arm fast medium,pace,right,Netherlands,
W Barresi,13,Wesley Barresi,Batter,batter,right,right arm offbreak,spin,right,Netherlands,wk
Shariz Ahmad,11,Shariz Ahmad,Bowler,bowler,left,legbreak googly,spin,right,Netherlands,
NRJ Croes,1,Noah Croes,Batter,batter,right,,,,Netherlands,
Mohammad Shahzad,2,Mohammad Shahzad,Wicketkeeper batter,batter,right,,,,Afghanistan,wk
Hazratullah,8,Hazratullah Zazai,Opening batter,batter,left,slow left arm orthodox,spin,left,Afghanistan,
Rahmat Shah,33,Rahmat Shah,Allrounder,allrounder,right,legbreak googly,spin,right,Afghanistan,
Hashmatullah Shahidi,28,Hashmatullah Shahidi,Top order batter,batter,left,right arm offbreak,spin,right,Afghanistan,
Mohammad Nabi,30,Mohammad Nabi,Allrounder,allrounder,right,right arm offbreak,spin,right,Afghanistan,
Gulbadin Naib,21,Gulbadin Naib,Batting allrounder,allrounder,right,right arm medium fast,pace,right,Afghanistan,
Najibullah Zadran,32,Najibullah Zadran,Middle order batter,batter,left,right arm offbreak,spin,right,Afghanistan,
Rashid Khan,30,Rashid Khan,Bowling allrounder,allrounder,right,legbreak googly,spin,right,Afghanistan,
Dawlat Zadran,5,Dawlat Zadran,Bowler,bowler,right,right arm fast medium,pace,right,Afghanistan,
Mujeeb Ur Rahman,31,Mujeeb Ur Rahman,Bowler,bowler,right,right arm offbreak,spin,right,Afghanistan,
Hamid Hassan,5,Hamid Hassan,Bowler,bowler,right,right arm fast,pace,right,Afghanistan,
Noor Ali Zadran,3,Noor Ali Zadran,Opening batter,batter,right,right arm medium fast,pace,right,Afghanistan,
Ikram Alikhil,10,Ikram Alikhil,Wicketkeeper batter,batter,left,,,,Afghanistan,wk
Aftab Alam,3,Aftab Alam,Bowler,bowler,right,right arm medium fast,pace,right,Afghanistan,
Asghar Stanikzai,12,Asghar Stanikzai,Middle order batter,batter,right,right arm medium fast,pace,right,Afghanistan,
Samiullah Shenwari,3,Samiullah Shinwari,Allrounder,allrounder,right,legbreak,spin,right,Afghanistan,
Sayed Shirzad,1,Sayed Shirzad,Bowler,bowler,right,left arm medium,pace,left,Afghanistan,
Javed Ahmadi,5,Javed Ahmadi,Top order batter,batter,right,right arm offbreak,spin,right,Afghanistan,
Naveen-ul-Haq,5,Naveen-ul-Haq,Bowler,bowler,right,right arm medium fast,pace,right,Afghanistan,
Sharafuddin Ashraf,4,Sharafuddin Ashraf,Allrounder,allrounder,right,slow left arm orthodox,spin,left,Afghanistan,
Ibrahim Zadran,14,Ibrahim Zadran,Opening batter,batter,right,right arm medium fast,pace,right,Afghanistan,
Yamin Ahmadzai,6,Yamin Ahmadzai,Bowler,bowler,right,right arm medium fast,pace,right,Afghanistan,
Rahmanullah Gurbaz,21,Rahmanullah Gurbaz,Wicketkeeper batter,batter,right,,,,Afghanistan,wk
Azmatullah Omarzai,12,Azmatullah Omarzai,Allrounder,allrounder,right,right arm medium fast,pace,right,Afghanistan,
Fazalhaq Farooqi,16,Fazalhaq Farooqi,Bowler,bowler,right,left arm fast medium,pace,left,Afghanistan,
Riaz Hassan,3,Riaz Hassan,Batter,batter,right,,,,Afghanistan,
Fareed Ahmad,9,Fareed Ahmad,Bowler,bowler,left,left arm fast medium,pace,left,Afghanistan,
Usman Ghani,2,Usman Ghani,Opening batter,batter,right,,,,Afghanistan,
Shahidullah,1,Shahidullah,Batting allrounder,allrounder,left,slow left arm orthodox,spin,left,Afghanistan,
Qais Ahmad,1,Qais Ahmad,Bowler,bowler,right,legbreak,spin,right,Afghanistan,
Noor Ahmad,3,Noor Ahmad,Bowler,bowler,right,left arm wrist spin,spin,left,Afghanistan,
Mohammad Saleem,2,Mohammad Saleem,Bowler,bowler,right,right arm fast,pace,right,Afghanistan,
Abdul Rahman,1,Abdul Rahman,Bowler,bowler,right,right arm fast medium,pace,right,Afghanistan,
Zia-ur-Rehman,1,Zia-ur-Rehman,Bowler,bowler,right,slow left arm orthodox,spin,left,Afghanistan,
Q de Kock,34,Quinton de Kock,Wicketkeeper batter,batter,left,,,,South Africa,wk
HM Amla,7,Hashim Amla,Top order batter,batter,right,right arm medium,pace,right,South Africa,
AK Markram,32,Aiden Markram,Opening batter,batter,right,right arm offbreak,spin,right,South Africa,
F du Plessis,9,Faf du Plessis,Middle order batter,batter,right,legbreak,spin,right,South Africa,
HE van der Dussen,36,Rassie van der Dussen,Top order batter,batter,right,legbreak,spin,right,South Africa,
JP Duminy,5,Jean-Paul Duminy,Batting allrounder,allrounder,left,right arm offbreak,spin,right,South Africa,
D Pretorius,8,Dwaine Pretorius,Bowling allrounder,allrounder,right,right arm medium fast,pace,right,South Africa,
AL Phehlukwayo,31,Andile Phehlukwayo,Bowling allrounder,allrounder,left,right arm medium fast,pace,right,South Africa,
K Rabada,23,Kagiso Rabada,Bowler,bowler,left,right arm fast,pace,right,South Africa,
L Ngidi,27,Lungi Ngidi,Bowler,bowler,right,right arm fast medium,pace,right,South Africa,
Imran Tahir,9,Imran Tahir,Bowler,bowler,right,legbreak googly,spin,right,South Africa,
DA Miller,35,David Miller,Middle order batter,batter,left,right arm offbreak,spin,right,South Africa,
CH Morris,8,Chris Morris,Bowling allrounder,allrounder,right,right arm fast medium,pace,right,South Africa,
T Shamsi,29,Tabraiz Shamsi,Bowler,bowler,right,left arm wrist spin,spin,left,South Africa,
BE Hendricks,6,Beuran Hendricks,Bowler,bowler,left,left arm fast medium,pace,left,South Africa,
JN Malan,23,Janneman Malan,Top order batter,batter,right,legbreak,spin,right,South Africa,
T Bavuma,24,Temba Bavuma,Middle order batter,batter,right,right arm medium,pace,right,South Africa,
K Verreynne,12,Kyle Verreynne,Wicketkeeper batter,batter,right,right arm offbreak,spin,right,South Africa,wk
H Klaasen,22,Heinrich Klaasen,Wicketkeeper batter,batter,right,right arm offbreak,spin,right,South Africa,wk
KA Maharaj,23,Keshav Maharaj,Bowler,bowler,right,slow left arm orthodox,spin,left,South Africa,
A Nortje,17,Anrich Nortje,Bowler,bowler,right,right arm fast,pace,right,South Africa,
JT Smuts,6,JJ Smuts,Batting allrounder,allrounder,right,slow left arm orthodox,spin,left,South Africa,
L Sipamla,5,Lutho Sipamla,Bowler,bowler,right,right arm fast medium,pace,right,South Africa,
DM Dupavillon,2,Daryn Dupavillon,Bowler,bowler,right,right arm fast,pace,right,South Africa,
RR Hendricks,9,Reeza Hendricks,Opening batter,batter,right,right arm offbreak,spin,right,South Africa,
BC Fortuin,5,Bjorn Fortuin,Bowler,bowler,right,slow left arm orthodox,spin,left,South Africa,
LB Williams,1,Lizaad Williams,Bowler,bowler,left,right arm medium fast,pace,right,South Africa,
PWA Mulder,2,Wiaan Mulder,Allrounder,allrounder,right,right arm medium,pace,right,South Africa,
GF Linde,2,George Linde,Allrounder,allrounder,left,slow left arm orthodox,spin,left,South Africa,
M Jansen,9,Marco Jansen,Bowling allrounder,allrounder,right,left arm medium fast,pace,left,South Africa,
WD Parnell,8,Wayne Parnell,Bowler,bowler,left,left arm medium fast,pace,left,South Africa,
SSB Magala,7,Sisanda Magala,Bowler,bowler,right,right arm fast medium,pace,right,South Africa,
Zubayr Hamza,1,Zubayr Hamza,Batter,batter,right,legbreak,spin,right,South Africa,
K Zondo,1,Khaya Zondo,Batter,batter,right,right arm offbreak,spin,right,South Africa,
RD Rickelton,2,Ryan Rickelton,Wicketkeeper batter,batter,left,,,,South Africa,wk
T de Zorzi,2,Tony de Zorzi,Top order batter,batter,left,right arm offbreak,spin,right,South Africa,
T Stubbs,1,Tristan Stubbs,Wicketkeeper batter,batter,right,right arm offbreak,spin,right,South Africa,wk
G Coetzee,2,Gerald Coetzee,Bowler,bowler,right,right arm fast,pace,right,South Africa,
JJ Roy,40,Jason Roy,Opening batter,batter,right,,,,England,
JM Bairstow,32,Jonny Bairstow,Wicketkeeper batter,batter,right,right arm medium,pace,right,England,wk
JE Root,26,Joe Root,Top order batter,batter,right,right arm offbreak,spin,right,England,legbreak
EJG Morgan,26,Eoin Morgan,Middle order batter,batter,right,right arm medium,pace,right,England,
BA Stokes,21,Ben Stokes,Allrounder,allrounder,left,right arm fast medium,pace,right,England,
JC Buttler,34,Jos Buttler,Wicketkeeper batter,batter,right,,,,England,wk
MM Ali,33,Moeen Ali,Batting allrounder,allrounder,left,right arm offbreak,spin,right,England,
CR Woakes,24,Chris Woakes,Allrounder,allrounder,right,right arm fast medium,pace,right,England,
LE Plunkett,7,Liam Plunkett,Bowler,bowler,right,right arm fast,pace,right,England,
JC Archer,18,Jofra Archer,Bowler,bowler,right,right arm fast,pace,right,England,
AU Rashid,37,Adil Rashid,Bowler,bowler,right,legbreak,spin,right,England,
MA Wood,18,Mark Wood,Bowler,bowler,right,right arm fast,pace,right,England,
JM Vince,15,James Vince,Batter,batter,right,right arm medium,pace,right,England,
JL Denly,3,Joe Denly,Top order batter,batter,right,legbreak,spin,right,England,
T Banton,6,Tom Banton,Wicketkeeper batter,batter,right,,,,England,wk
SM Curran,21,Sam Curran,Allrounder,allrounder,left,left arm medium fast,pace,left,England,
TK Curran,11,Tom Curran,Bowling allrounder,allrounder,right,right arm fast medium,pace,right,England,
CJ Jordan,4,Chris Jordan,Bowler,bowler,right,right arm fast medium,pace,right,England,
MW Parkinson,5,Matt Parkinson,Bowler,bowler,right,legbreak,spin,right,England,
S Mahmood,8,Saqib Mahmood,Bowler,bowler,right,right arm fast medium,pace,right,England,
SW Billings,13,Sam Billings,Wicketkeeper batter,batter,right,,,,England,wk
DJ Willey,18,David Willey,Bowling allrounder,allrounder,left,left arm fast medium,pace,left,England,
RJW Topley,12,Reece Topley,Bowler,bowler,right,left arm fast medium,pace,left,England,
DJ Malan,17,Dawid Malan,Top order batter,batter,left,legbreak,spin,right,England,
LS Livingstone,12,Liam Livingstone,Batting allrounder,allrounder,right,right arm offbreak,spin,right,England,legbreak
PD Salt,14,Phil Salt,Wicketkeeper batter,batter,right,right arm offbreak,spin,right,England,wk
Z Crawley,3,Zak Crawley,Top order batter,batter,right,right arm offbreak,spin,right,England,
JA Simpson,3,John Simpson,Wicketkeeper batter,batter,left,,,,England,wk
L Gregory,3,Lewis Gregory,Allrounder,allrounder,right,right arm medium fast,pace,right,England,
C Overton,6,Craig Overton,Bowling allrounder,allrounder,right,right arm medium fast,pace,right,England,
BA Carse,9,Brydon Carse,Bowler,bowler,right,right arm fast,pace,right,England,
DA Payne,1,David Payne,Bowler,bowler,right,left arm fast medium,pace,left,England,
MJ Potts,1,Matthew Potts,Bowler,bowler,right,right arm fast medium,pace,right,England,
LA Dawson,3,Liam Dawson,Allrounder,allrounder,right,slow left arm orthodox,spin,left,England,
L Wood,1,Luke Wood,Bowling allrounder,allrounder,left,left arm fast medium,pace,left,England,
OP Stone,4,Olly Stone,Bowler,bowler,right,right arm fast,pace,right,England,
WG Jacks,2,Will Jacks,Batting allrounder,batter,right,right arm offbreak,spin,right,England,
Rehan Ahmed,1,Rehan Ahmed,Bowling allrounder,allrounder,right,legbreak googly,spin,right,England,
BM Duckett,3,Ben Duckett,Top order batter,batter,left,right arm offbreak,spin,right,England,
HC Brook,3,Harry Brook,Batter,batter,right,right arm medium,pace,right,England,
Tamim Iqbal,48,Tamim Iqbal,Opening batter,batter,left,,,,Bangladesh,
Soumya Sarkar,17,Soumya Sarkar,Middle order batter,batter,left,right arm medium fast,pace,right,Bangladesh,
Mohammad Mithun,16,Mohammad Mithun,Top order batter,batter,right,right arm offbreak,spin,right,Bangladesh,wk
Mushfiqur Rahim,46,Mushfiqur Rahim,Wicketkeeper batter,batter,right,,,,Bangladesh,wk
Mahmudullah,43,Mahmudullah,Allrounder,allrounder,right,right arm offbreak,spin,right,Bangladesh,
Sabbir Rahman,5,Sabbir Rahman,Middle order batter,batter,right,legbreak,spin,right,Bangladesh,
Mosaddek Hossain,17,Mosaddek Hossain,Middle order batter,batter,right,right arm offbreak,spin,right,Bangladesh,
Mehedi Hasan Miraz,49,Mehidy Hasan Miraz,Allrounder,allrounder,right,right arm offbreak,spin,right,Bangladesh,
Shafiul Islam,4,Shafiul Islam,Bowler,bowler,right,right arm fast medium,pace,right,Bangladesh,
Rubel Hossain,7,Rubel Hossain,Bowler,bowler,right,right arm fast,pace,right,Bangladesh,
Mustafizur Rahman,43,Mustafizur Rahman,Bowler,bowler,left,left arm fast medium,pace,left,Bangladesh,
Taijul Islam,14,Taijul Islam,Bowler,bowler,left,slow left arm orthodox,spin,left,Bangladesh,
Anamul Haque,7,Anamul Haque,Wicketkeeper batter,batter,right,,,,Bangladesh,wk
Shakib Al Hasan,37,Shakib Al Hasan,Allrounder,allrounder,left,slow left arm orthodox,spin,left,Bangladesh,
Mohammad Saifuddin,16,Mohammad Saifuddin,Bowling allrounder,allrounder,left,right arm medium fast,pace,right,Bangladesh,
Mashrafe Mortaza,11,Mashrafe Mortaza,Bowler,bowler,right,right arm fast medium,pace,right,Bangladesh,
Liton Das,44,Litton Das,Wicketkeeper batter,batter,right,right arm offbreak,spin,right,Bangladesh,wk
Nazmul Hossain Shanto,24,Najmul Hossain Shanto,Top order batter,batter,left,right arm offbreak,spin,right,Bangladesh,
Al-Amin Hossain,1,Al-Amin Hossain,Bowler,bowler,right,right arm medium fast,pace,right,Bangladesh,
Afif Hossain,28,Afif Hossain,Allrounder,allrounder,left,right arm offbreak,spin,right,Bangladesh,
Mohammad Naim,4,Mohammad Naim,Opening batter,batter,left,,,,Bangladesh,
Mahedi Hasan,3,Mahedi Hasan,Allrounder,allrounder,right,right arm offbreak,spin,right,Bangladesh,
Taskin Ahmed,27,Taskin Ahmed,Bowler,bowler,left,right arm fast,pace,right,Bangladesh,
Hasan Mahmud,13,Hasan Mahmud,Bowler,bowler,right,right arm fast medium,pace,right,Bangladesh,
Shoriful Islam,17,Shoriful Islam,Bowler,bowler,left,left arm medium fast,pace,left,Bangladesh,
Nurul Hasan,4,Nurul Hasan,Wicketkeeper batter,batter,right,,,,Bangladesh,wk
Yasir Ali Chowdhury,9,Yasir Ali,Middle order batter,batter,right,right arm offbreak,spin,right,Bangladesh,
Ebadat Hossain,12,Ebadot Hossain,Bowler,bowler,right,right arm fast medium,pace,right,Bangladesh,
Nasum Ahmed,7,Nasum Ahmed,Bowler,bowler,left,slow left arm orthodox,spin,left,Bangladesh,
Towhid Hridoy,9,Towhid Hridoy,Top order batter,batter,right,right arm offbreak,spin,right,Bangladesh,
Rony Talukdar,1,Rony Talukdar,Batter,batter,right,right arm slow medium,pace,right,Bangladesh,
Mrittunjoy Chowdhury,1,Mrittunjoy Chowdhury,Bowler,bowler,left,left arm medium fast,pace,left,Bangladesh,
AJ Finch,37,Aaron Finch,Top order batter,batter,right,slow left arm orthodox,spin,left,Australia,
DA Warner,36,David Warner,Opening batter,batter,left,legbreak,spin,right,Australia,
UT Khawaja,9,Usman Khawaja,Top order batter,batter,left,right arm medium,pace,right,Australia,
SPD Smith,34,Steven Smith,Middle order batter,batter,right,legbreak googly,spin,right,Australia,
GJ Maxwell,28,Glenn Maxwell,Batting allrounder,allrounder,right,right arm offbreak,spin,right,Australia,
MP Stoinis,27,Marcus Stoinis,Batting allrounder,allrounder,right,right arm medium,pace,right,Australia,
AT Carey,45,Alex Carey,Wicketkeeper batter,batter,left,,,,Australia,wk
NM Coulter-Nile,5,Nathan Coulter-Nile,Bowling allrounder,allrounder,right,right arm fast,pace,right,Australia,
PJ Cummins,27,Pat Cummins,Bowler,bowler,right,right arm fast,pace,right,Australia,
MA Starc,35,Mitchell Starc,Bowler,bowler,left,left arm fast ,pace,left,Australia,
A Zampa,35,Adam Zampa,Bowler,bowler,right,legbreak googly,spin,right,Australia,
SE Marsh,2,Shaun Marsh,Top order batter,batter,left,slow left arm orthodox,spin,left,Australia,
KW Richardson,5,Kane Richardson,Bowler,bowler,right,right arm fast medium,pace,right,Australia,
JP Behrendorff,6,Jason Behrendorff,Bowler,bowler,right,left arm fast medium,pace,left,Australia,
NM Lyon,4,Nathan Lyon,Bowler,bowler,right,right arm offbreak,spin,right,Australia,
PSP Handscomb,1,Peter Handscomb,Batter,batter,right,,,,Australia,wk
M Labuschagne,30,Marnus Labuschagne,Batting allrounder,allrounder,right,legbreak,spin,right,Australia,
AJ Turner,6,Ashton Turner,Middle order batter,batter,right,right arm offbreak,spin,right,Australia,
AC Agar,12,Ashton Agar,Bowler,bowler,left,slow left arm orthodox,spin,left,Australia,
JR Hazlewood,25,Josh Hazlewood,Bowler,bowler,left,right arm fast medium,pace,right,Australia,
MR Marsh,19,Mitchell Marsh,Allrounder,allrounder,right,right arm medium,pace,right,Australia,
DJM Short,4,D'Arcy Short,Opening batter,batter,left,left arm wrist spin,spin,left,Australia,
JA Richardson,3,Jhye Richardson,Bowler,bowler,right,right arm fast,pace,right,Australia,
MC Henriques,5,Moises Henriques,Allrounder,allrounder,right,right arm fast medium,pace,right,Australia,
C Green,15,Cameron Green,Batting allrounder,allrounder,right,right arm fast medium,pace,right,Australia,
SA Abbott,10,Sean Abbott,Bowling allrounder,allrounder,right,right arm fast medium,pace,right,Australia,
JR Philippe,3,Josh Philippe,Wicketkeeper batter,batter,right,,,,Australia,wk
BR McDermott,5,Ben McDermott,Wicketkeeper batter,batter,right,right arm medium,pace,right,Australia,wk
MS Wade,3,Matthew Wade,Wicketkeeper batter,batter,left,right arm medium,pace,right,Australia,
WA Agar,2,Wes Agar,Bowler,bowler,right,right arm fast,pace,right,Australia,
RP Meredith,1,Riley Meredith,Bowler,bowler,right,right arm fast,pace,right,Australia,
DT Christian,1,Dan Christian,Allrounder,allrounder,right,right arm fast medium,pace,right,Australia,
TM Head,12,Travis Head,Middle order batter,batter,left,right arm offbreak,spin,right,Australia,
NT Ellis,4,Nathan Ellis,Bowler,bowler,right,right arm fast medium,pace,right,Australia,
MJ Swepson,3,Mitchell Swepson,Bowler,bowler,right,legbreak,spin,right,Australia,
MP Kuhnemann,4,Matthew Kuhnemann,Bowler,bowler,left,slow left arm orthodox,spin,left,Australia,
JP Inglis,3,Josh Inglis,Wicketkeeper batter,batter,right,,,,Australia,wk
Zawar Farid,2,Zawar Farid,Bowler,bowler,right,right arm medium,pace,right,UAE,
V Aravind,11,Vriitya Aravind,Wicketkeeper batter,batter,right,,,,UAE,wk
CP Rizwan,2,Chundangapoyil Rizwan,Middle order batter,batter,right,legbreak googly,spin,right,UAE,
A Sharafu,1,Alishan Sharafu,Opening batter,batter,right,right arm medium,pace,right,UAE,
Muhammad Usman,2,Muhammad Usman,Middle order batter,batter,left,,,,UAE,
Waheed Ahmed,2,Waheed Ahmed,Bowler,bowler,right,right arm medium,pace,right,UAE,
Rohan Mustafa,9,Rohan Mustafa,Top order batter,batter,left,right arm offbreak,spin,right,UAE,
Ahmed Raza,2,Ahmed Raza,Bowler,bowler,right,slow left arm orthodox,spin,left,UAE,
Zahoor Khan,7,Zahoor Khan,Bowler,bowler,right,right arm medium fast,pace,right,UAE,
KP Meiyappan,10,Karthik Meiyappan,Bowler,bowler,right,legbreak,spin,right,UAE,
Kashif Daud,2,Kashif Daud,Bowling allrounder,allrounder,right,right arm medium fast,pace,right,UAE,
Basil Hameed,8,Basil Hameed,Middle order batter,batter,right,right arm offbreak,spin,right,UAE,
Waseem Muhammad,7,Muhammad Waseem,Opening batter,batter,right,right arm medium,pace,right,UAE,
Asif Khan,7,Asif Khan,Batter,batter,right,right arm offbreak,spin,right,UAE,
Rameez Shahzad,5,Rameez Shahzad,Top order batter,batter,right,right arm offbreak,spin,right,UAE,
Ali Naseer,9,Ali Naseer,Allrounder,allrounder,left,right arm medium,pace,right,UAE,
Aayan Afzal Khan,8,Aayan Afzal Khan,Bowling allrounder,allrounder,right,slow left arm orthodox,spin,left,UAE,
Muhammad Jawadullah,5,Muhammad Jawadullah,Bowler,bowler,left,left arm fast medium,pace,left,UAE,
Junaid Siddique,7,Junaid Siddique,Bowler,bowler,right,right arm medium fast,pace,right,UAE,
A Sharma,6,Aryansh Sharma,Wicketkeeper batter,batter,right,,,,UAE,wk
Ethan D'Souza,3,Ethan D'Souza,Batter,batter,left,right arm offbreak,spin,right,UAE,
SM Sharma,4,Sanchit Sharma,Bowler,bowler,right,right arm medium,pace,right,UAE,
Lovepreet Singh,2,Lovepreet Singh,Batter,batter,right,legbreak googly,spin,right,UAE,
Adhitya Shetty,1,Adhitya Shetty,Bowler,bowler,right,legbreak googly,spin,right,UAE,
Imam-ul-Haq,31,Imam-ul-Haq,Top order batter,batter,left,,,,Pakistan,
Fakhar Zaman,34,Fakhar Zaman,Opening batter,batter,left,slow left arm orthodox,spin,left,Pakistan,
Babar Azam,36,Babar Azam,Batter,batter,right,right arm offbreak,spin,right,Pakistan,
Haris Sohail,11,Haris Sohail,Middle order batter,batter,left,slow left arm orthodox,spin,left,Pakistan,
Sarfraz Ahmed,11,Sarfaraz Ahmed,Wicketkeeper batter,batter,right,right arm offbreak,spin,right,Pakistan,wk
Mohammad Hafeez,8,Mohammad Hafeez,Allrounder,allrounder,right,right arm offbreak,spin,right,Pakistan,
Imad Wasim,9,Imad Wasim,Allrounder,allrounder,left,slow left arm orthodox,spin,left,Pakistan,
Shadab Khan,22,Shadab Khan,Allrounder,allrounder,right,legbreak,spin,right,Pakistan,
Hasan Ali,11,Hasan Ali,Bowler,bowler,right,right arm medium fast,pace,right,Pakistan,
Wahab Riaz,12,Wahab Riaz,Bowler,bowler,right,left arm fast,pace,left,Pakistan,
Mohammad Amir,10,Mohammad Amir,Bowler,bowler,left,left arm fast medium,pace,left,Pakistan,
Asif Ali,5,Asif Ali,Middle order batter,batter,right,right arm offbreak,spin,right,Pakistan,
Shoaib Malik,3,Shoaib Malik,Allrounder,allrounder,right,right arm offbreak,spin,right,Pakistan,
Shaheen Shah Afridi,22,Shaheen Shah Afridi,Bowler,bowler,left,left arm fast,pace,left,Pakistan,
Iftikhar Ahmed,10,Iftikhar Ahmed,Middle order batter,batter,right,right arm offbreak,spin,right,Pakistan,
Usman Shinwari,2,Usman Shinwari,Bowler,bowler,right,left arm medium fast,pace,left,Pakistan,
Abid Ali,3,Abid Ali,Opening batter,batter,right,legbreak,spin,right,Pakistan,
Mohammad Rizwan,25,Mohammad Rizwan,Wicketkeeper batter,batter,right,,,,Pakistan,
Faheem Ashraf,8,Faheem Ashraf,Bowling allrounder,allrounder,left,right arm medium,pace,right,Pakistan,wk
Haris Rauf,22,Haris Rauf,Bowler,bowler,right,right arm fast,pace,right,Pakistan,
Haider Ali,2,Haider Ali,Middle order batter,batter,right,,,,Pakistan,
Muhammad Musa,2,Muhammad Musa,Bowler,bowler,right,right arm fast medium,pace,right,Pakistan,
Khushdil Shah,10,Khushdil Shah,Middle order batter,batter,left,slow left arm orthodox,spin,left,Pakistan,
Mohammad Hasnain,4,Mohammad Hasnain,Bowler,bowler,right,right arm fast,pace,right,Pakistan,
Saud Shakeel,5,Saud Shakeel,Middle order batter,batter,left,left arm slow,spin,left,Pakistan,
Sohaib Maqsood,3,Sohaib Maqsood,Middle order batter,batter,right,right arm offbreak,spin,right,Pakistan,
Danish Aziz,2,Danish Aziz,Allrounder,allrounder,left,slow left arm orthodox,spin,left,Pakistan,
Usman Qadir,1,Usman Qadir,Bowler,bowler,left,legbreak,spin,right,Pakistan,
Mohammad Wasim,14,Mohammad Wasim,Allrounder,allrounder,right,right arm fast medium,pace,right,Pakistan,
Zahid Mahmood,4,Zahid Mahmood,Bowler,bowler,right,legbreak,spin,right,Pakistan,
Mohammad Nawaz,14,Mohammad Nawaz,Allrounder,allrounder,left,slow left arm orthodox,spin,left,Pakistan,
Agha Salman,11,Agha Salman,Allrounder,allrounder,right,right arm offbreak,spin,right,Pakistan,
Naseem Shah,8,Naseem Shah,Bowler,bowler,right,right arm fast,pace,right,Pakistan,
Abdullah Shafique,3,Abdullah Shafique,Top order batter,batter,right,right arm offbreak,spin,right,Pakistan,
Mohammad Haris,5,Mohammad Haris,Middle order batter,batter,right,right arm offbreak,spin,right,Pakistan,
Shahnawaz Dhani,2,Shahnawaz Dhani,Bowler,bowler,right,right arm fast medium,pace,right,Pakistan,
Usama Mir,6,Usama Mir,Bowler,bowler,right,legbreak,spin,right,Pakistan,
Shan Masood,4,Shan Masood,Opening batter,batter,left,right arm medium fast,pace,right,Pakistan,
Kamran Ghulam,1,Kamran Ghulam,Allrounder,allrounder,right,slow left arm orthodox,spin,left,Pakistan,
Ihsanullah,1,Ihsanullah,Bowler,bowler,right,right arm fast,pace,right,Pakistan,
KH Prajapati,7,Kashyap Prajapati,Top order batter,batter,right,right arm offbreak,spin,right,Oman,
Jatinder Singh,7,Jatinder Singh,Batter,batter,right,right arm offbreak,spin,right,Oman,
Aqib Ilyas,7,Aqib Ilyas,Top order batter,batter,right,right arm offbreak,spin,right,Oman,legbreak googly
Zeeshan Maqsood,5,Zeeshan Maqsood,Opening batter,batter,left,slow left arm orthodox,spin,left,Oman,
Mohammad Nadeem,7,Mohammad Nadeem,Allrounder,allrounder,right,right arm medium fast,pace,right,Oman,
Ayan Khan,7,Ayaan Khan,Allrounder,allrounder,left,slow left arm orthodox,spin,left,Oman,
Shoaib Khan,7,Shoaib Khan,Batter,batter,right,right arm medium,pace,right,Oman,
Naseem Khushi,5,Naseem Khushi,Wicketkeeper batter,batter,right,,,,Oman,wk
Jay Odedra,5,Jay Odedra,Bowling allrounder,allrounder,right,right arm offbreak,spin,right,Oman,
Fayyaz Butt,6,Fayyaz Butt,Bowler,bowler,right,right arm medium fast,pace,right,Oman,
Bilal Khan,7,Bilal Khan,Bowler,bowler,left,left arm medium fast,pace,left,Oman,
Kaleemullah,3,Kaleemullah,Bowler,bowler,right,right arm medium,pace,right,Oman,
Sandeep Goud,2,Sandeep Goud,Allrounder,allrounder,right,right arm medium,pace,right,Oman,
Suraj Kumar,2,Suraj Kumar,Wicketkeeper batter,batter,right,,,,Oman,wk
KJ Coetzer,1,Kyle Coetzer,Top order batter,batter,right,right arm medium fast,pace,right,Scotland,
MA Jones,1,Michael Jones,Top order batter,batter,right,right arm offbreak,spin,right,Scotland,
CS MacLeod,1,Calum MacLeod,Top order batter,batter,right,right arm fast medium,pace,right,Scotland,
RD Berrington,8,Richie Berrington,Top order batter,batter,right,right arm medium fast,pace,right,Scotland,
MH Cross,8,Matthew Cross,Wicketkeeper batter,batter,right,,,,Scotland,wk
CN Greaves,8,Chris Greaves,Bowler,bowler,right,legbreak,spin,right,Scotland,
MA Leask,8,Michael Leask,Allrounder,allrounder,right,right arm offbreak,spin,right,Scotland,
MRJ Watt,8,Mark Watt,Bowler,bowler,left,slow left arm orthodox,spin,left,Scotland,
SM Sharif,7,Safyaan Sharif,Bowler,bowler,right,right arm medium fast,pace,right,Scotland,
CB Sole,8,Chris Sole,Bowler,bowler,right,right arm medium fast,pace,right,Scotland,
Hamza Tahir,1,Hamza Tahir,Bowler,bowler,right,slow left arm orthodox,spin,left,Scotland,
CM McBride,7,Christopher McBride,Top order batter,batter,right,right arm medium,pace,right,Scotland,
BJ McMullen,7,Brandon McMullen,Batting allrounder,allrounder,right,right arm medium,pace,right,Scotland,
HG Munsey,4,George Munsey,Opening batter,batter,left,right arm medium fast,pace,right,Scotland,
TSS Mackintosh,7,Tomas Mackintosh,Middle order batter,batter,right,,,,Scotland,wk
J Jarvis,2,Jack Jarvis,Bowler,bowler,right,right arm medium fast,pace,right,Scotland,
A Neill,1,Adrian Neill,Bowler,bowler,right,right arm medium,pace,right,Scotland,
AC Evans,1,Alasdair Evans,Bowler,bowler,right,right arm medium fast,pace,right,Scotland,
